Id,Provider,Title,Views
5eba330f5790aaf1f5695c5222060a6c,TQ,S.03 E.175 Subito Texto,115
3e9628db87adc6f6f6de0e438a258862,BM,S.01 E.16 - The Big Bang Theory,115
2cb1fab9feb94dfe19089e7f595a9cd2,ATN,La Grande Séduction À L'anglaise,115
40127505abfdc372ea7014d20d49ce52,CE,Franklin And Friends 01,115
f6b01c8cc0166a7442c48f6cf98a8880,BM,S.01 E.01 - Penn & Teller: Bullsh*t!,115
6301f857ff59cd721504ca1467fe5103,CE,Talia In The Kitchen S.01 E.02,115
ec5a4b42e54c15fda44133e33e5a88c7,BM,S.1 E.01 - Snakes & Lattes: The Show,115
5d4a85d58cc952869c734273a829f282,CE,Cat In The Hat S.01 E.30,115
d2d811760558bb06866a5efcb83bb09a,BM,S.03 E.05 - Entourage,115
3e626e199ebb3da21dd6f6672d14f297,BM,S.04 E.13 - The Big Bang Theory,115
d0ec5fe029033a62ee7feca789b133d3,ATN,S.02 E.03 Banshee 2 V.F.,115
5284c53203777eab730c653130f96e01,BM,S.02 E.10 - The Big Bang Theory,114
85586b801d35b7190ec77a5ec217d5d9,BM,S.01 E.01 - Twin Peaks,114
7db37c42657a3d5acada51fa0f5e2c10,ATN,S.01 E.08 Patrice Lemieux 24-7,114
04134caab7726e2c592bb287de62c137,CRC,S.01 E.08 Love Child,114
c9eeeff70ae813efef4be2544b65cbe9,BM,S.06 E.06 - Entourage,114
dc8153d2a56494c85ab62006f214f876,CRC,S.01 E.01 Keeping Canada Alive,114
77ce16aee0d391107a29a1ea0ad3900a,BM,Chris Rock: Bigger & Blacker,114
263c52c4bb4860297441304a87f4a2a8,ATN,S.01 E.43 Code F.,114
1a60be51f8edf07cbf1dbc485ffb4918,BM,S.04 E.05 - Saving Hope,114
e791755225425d997b4d0933e3315a55,ATN,Last Week Tonight With John Oliver 2 Ep. 52,114
7a10eb9d3afbedc8485d71099db3c902,BM,S.01 E.15 - The Big Bang Theory,114
e379df40f6fb005bcdc2c17bb0b4486c,ATN,S.02 E.05 Banshee 2 V.F.,113
beb209f5a57458024bf8cabdf842db92,BM,S.03 E.13 - The Big Bang Theory,113
99a4044ee30d3463fb78d0dd1e72abc9,BM,S.29 E.7191 - The Bold And The Beautiful,113
4f569b6fe8990af85b8daea71b8eb274,BM,S.04 E.03 - Grimm,113
c5c6ba4a1c97668bf3eab48ab4a60705,ATN,S.01 E.05 Madame Lebrun,113
d376dde9804d9caf9c8a94ca2b9088a7,ATN,Ray Donovan 3: Ep. 305,113
85c9e2cd388852430ed7a1c6ddc6729e,ATN,Bessie,113
9b42ecadb307253db86448bf1a924c7f,ATN,Cold Comes The Night,113
581ec17a1970ecab554d746639180e66,ATN,Légendes D'automne,113
322f97cfcc9c0cef51a976b74f40c1d9,BM,S.04 E.22 - The Big Bang Theory,113
34067b16daac12c3c3b734e2c9791098,BM,S.2 E.01 - École Nationale...Le Spectacle,113
c0b555edda201940b93b0a2d4bfd91d2,TQ,S.03 E.173 Subito Texto,113
8a806c68fef04eb0feb0bf40fc7723d6,BM,S.03 E.02 - Army Wives,113
466d6f072a5b0f3c57c081956ee3f6bf,CE,Corduroy 01,113
94ff397e526eeea59b6f805259cf68bc,CN,Amazing World Of Gumball S.04 E.17,113
99f81c4b795352ea971ecdee8c5fc861,BM,S.01 E.13 - The Big Bang Theory,113
e0ad9bb13c4b18f3ab8f5ad86c4233c0,ATN,Doll & Em 2: Ep. 204,112
9d38c36a38f09dec136bdabbb2e6544a,BM,S.02 E.08 - Army Wives,112
2e21cf5321ba82a3d12f2fe5a3114d1f,CE,My Big Big Friend S.01 E.45,112
540078b53af9441a6945c8b8923f9aca,CE,My Big Big Friend S.01 E.31,112
b088ea9a29eb4aa77baa0a11b76cbc20,BM,S.03 E.14 - The Big Bang Theory,112
3955152a5bded063156ff63f67adfd91,BM,S.07 E.07 - Entourage,112
9571d4b573efccd5b9ad374a1925e799,SM,Hitlist: February 2015,112
f2ee300762cff0e6503dedf82324638d,CE,Zack & Quack S.01 E.25,112
4d2d64e698de8a9ee44e7835d0a223e7,ATN,S.02 E.05 Le Trône De Fer 2,112
89da80aef1e3f937c401cb423a9c0700,ATN,S.01 E.49 Code F.,112
da7e22a0a9378daaa76367a04a5d81e0,ATN,Strike Back 4: Ep. 401,112
0df85455f713628de24045e8e52602ef,CE,Love It Or List It Vancouver S.03 E.64,112
18bb22776be1334900dc5901c0faf3eb,BM,S.06 E.01 - Entourage,112
10030cfdceab6f272d101878c6d6e4a1,BM,S.07 E.05 - Entourage,112
f4ff50931efcc499f829c4e8ed33123c,BM,S.03 E.01 - The Goldbergs,112
9bdcdf08688fad329e9f42cfdfce2a05,CN,Dr. Pantastique S.01 E.24,112
f163105a59b0595969ee686108528350,BM,S.13 E.04 - South Park,112
4a037f67debf2c7811dbf5b260896323,BM,S.01 E.01 - The Pacific,112
e901081fb5b43b1da18d475bd23fafe2,DH,Penn Zero - S.01 E.11,112
44aac6aef4b3cd44b4d9aeb5916961cd,ATN,Faults,112
d204b90f1da18dd4d398f4b7e74e815f,CE,Caillou S.01 E.77,111
aaf2f0d3c4935eacabe905ebddab0da5,SM,Sam Smith - I'm Not The Only One,111
27672283b5efd7dc8b2d71b2db561ac1,ATN,Gortimer - S.01 E.04,111
3329aa81c17a415903fbaee97d9b2d9a,CE,Benjamin 01,111
8347f97746b3eeecf218ddf6cf16ad69,BM,S.02 E.04 - Homeland,111
522b72aee25d56dc33b8748775ab4838,ATN,Love Actually,111
3d0aadb92113e212ee937e375c9a19ac,ATN,La Première Aventure De Sherlock Holmes,111
a33b50b7e46ef61b5ea065e094ceea38,BM,Back In The Hood: Gang War 2,111
540799e7a0218e7cd6e69530baa0394b,CE,Benjamin 66,111
71485c11138361629adef8a7c917d856,CE,Caillou S.01 E.76,111
44ac71802c472f8aa4e759f36d73ffd0,TVA,Dino Dan S4 Ep05,111
2870ec9ced59f341aba55b5c06b43669,ATN,S.01 E.05 Les Enfants Roy,111
9fbf93c35f0f3d53648fb17bb09b16a6,TQ,S.03 E.177 Subito Texto,111
c48925e2f39fc742b627d65371dc5968,BM,S.01 E.14 - The Big Bang Theory,111
169f31ddfb6e28fa1438aff576a7db66,BM,S.07 E.03 - Entourage,111
3cbe6621c93058fc26a073f22b04b45f,ATN,S.02 E.04 Banshee 2 V.F.,111
e25c3e3e0c874f7f5a1e0993b0dff02f,BM,S.05 E.02 - Entourage,111
6fd080bf2473f7ff573eb70de35dfbaa,ATN,Banshee: Ep. 102,111
fefdd03d822b109d256e0bda6f5ab29a,CE,Trucktown S.01 E.19,111
638ebb4b2494794dfeeb8f49e27c8a66,BM,S.04 E.10 - Grimm,111
86910055ea81f6ec5da4d5380dc0cffc,CE,Austin Et Ally S.01 E.11,111
3f5a3a3bc0cf865a26a91de36b207de8,BM,S.02 E.15 - The Big Bang Theory,111
bf9d4c089e8761b5bb433cee691525c6,BM,S.02 E.18 - Army Wives,111
4872aeb1e580981c1e43fc6226dbecda,BM,S.01 E.03 - The Wire,110
725c511e3d72aa6a9e3b1d53c666582e,ATN,Bangkok Aller Simple,110
4264addcdfc721df823604ac2736ba7e,BM,S.07 E.02 - Entourage,110
db7bd786323fdfae8c96bf0748acf863,SC,Birdman Or (The Unexpected Virtue Of Ignorance),110
4a39770ebe78032e72e49ef4bcc1e844,CE,Zack & Quack S.01 E.15,110
2060ec5d4933dab1bb34ee4b87f4ce0a,ATN,S.01 E.06 Banshee V.F.,110
6a14e99f30382f0668418dd07a5eaef8,BM,S.02 E.01 - Gotham,110
303e8d46e4c975425470c275905302c9,BM,Charlie Sheen,110
a320146c8e289a6748a081859644e09e,DH,Strawberryshort - S.04 E.06,110
82b7074f810f7395e0a74b8d52514f72,ATN,The Returned,110
780a3be467171cc17e7ff5a75bbaf554,ATN,Strike Back 4: Ep. 406,110
87e0a0ae7e00fda6bfed425230512fbb,BM,S.04 E.20 - The Big Bang Theory,110
624882de64857f091ae87190d40ffa9e,DH,Mighty Med - S.02 E.10,110
26ba2927234a6308ba2d1d6d7cb8dede,CE,Bakugan 01,110
b9b5c8c64987541b11e018450c266f63,BM,S.02 E.07 - Homeland,110
1d071b1e735fa8b927ff899f8d5276f3,R,Les Recettes Pompettes S1 E10,110
d5545ce7c4dfef773c5b7137544cfa42,BM,S.07 E.08 - Entourage,110
7241d0979dc9eb1a6d86d0fd7167e362,BM,S.05 E.01 - Entourage,110
fe83b67831fec5892ac7122bc2f5fd80,ATN,Rumour Has It,109
d5995ed32a5f30cbc2115b52b2d70870,CE,Peppa Pig S.01 E.05,109
85db2cbbc0b5002b11eb8318cda21cbb,CN,Amazing World Of Gumball S.03 E.48,109
a74f6d76f87e0bfa8e48091f70fe19c4,ATN,Hollow Man,109
de122700867171e74a49128cee862524,ATN,Black Sheep,109
2e35818402d9ed69821b3cc2097646dd,SM,Ariana Grande - One Last Time,109
74895f5a2a54c79cf3ae2dc63f129dea,ATN,Badlands,109
6c95929393a5969c5b3a48a24148d540,BM,S.04 E.18 - The Big Bang Theory,109
6eced88e1fce1967d2bea4ef7da057d9,ATN,The Monuments Men,109
5cfdf305e367196f7a1833dbb160acb1,BM,S.01 E.08 - Entourage,109
e82c2173f3de739db8d0e0a6f5a36a68,BM,S.02 E.19 - Army Wives,109
2ca644df9394f83d7317a6dab653e37b,BM,S.04 E.19 - The Big Bang Theory,109
8e570bf132f704dbc4ba611cc15ef356,BM,S.03 E.06 - Entourage,109
8ccd3d2f28a719e7bace1d825a8cd3be,DH,Topsy Tim - S.01 E.09,109
326f71505128f73e6b019b26512614e5,ATN,S.01 E.08 Madame Lebrun,109
cfdcfaa55d3542742ba5a3b711bfbbe3,CE,Sanjay & Craig S.01 E.34,109
cdd69d05d1b474a4c71f9c8266c7ad24,BM,S.03 E.16 - The Big Bang Theory,109
50d8dbb3764dec7bb0671315ca59623c,BM,S.02 E.02 - Homeland,109
571854c3f09b0235242eeb32e47bc0ab,CN,Amazing World Of Gumball S.03 E.01,109
f7a3b7d89898993fda969aa1c9c0b0dd,BM,S.03 E.12 - The Big Bang Theory,109
cabad4dfc41a1501b49caa46dbb73cf1,ATN,Lethal Weapon,109
40d077255abb16131bde816833885c92,BM,S.06 E.09 - Entourage,109
8b649a289f7b80089919efc9cc522e3a,BM,S.06 E.08 - Entourage,109
ede0bc82e6948572d478dcc88b495cbe,BM,S.07 E.04 - Entourage,109
665fb2ec29a4395fcc8979ae4f29bf1f,R,S.07 E.03 Un Souper Presque Parfait,109
88a37e283b16357f013aec9742710997,R,S.07 E.04 Un Souper Presque Parfait,109
7cecb46b9f4b24238455b7b36163fcb2,BM,S.02 E.13 - The Big Bang Theory,108
1103ea8eb5800e739960aefdc60547b1,BM,S.01 E.06 - The Goldbergs,108
54405ada0cbbe42ba0f1b97ab4ea939f,DH,Agent Oso - S.02 E.10,108
a2082188e1c62a3211e0254012fb9e3f,ATN,Gaming Show - S.02 E.06,108
04eb2a6d60737a884791636766505e7a,BM,S.06 E.05 - Entourage,108
0ce685c755a23f42bc5d8e6ff106a752,BM,S.06 E.01 - The Sopranos,108
90246c9da6f053b39c7e258732efe5ff,BM,S.01 E.02 - Seinfeld,108
225d369ea624ec4c6315bd6e3d592011,BM,S.06 E.11 - Entourage,108
38f2b3e3126c4d45c5e8e2707ebd772a,BM,S.07 E.10 - Entourage,108
e07c9bab82785c0ca0d47c9781a4a308,ATN,S.02 E.06 Banshee 2 V.F.,108
ba40356f79aa56d00e3f9e26737b4c65,BM,S.03 E.03 - Army Wives,108
7316e8146c6003e738285587cb8d07fb,ATN,Grudge Match,108
f6d5d8097ef313cd92c907844236e922,BM,S.04 E.15 - The Big Bang Theory,108
59af6e6ee33c7d8ec6ebd5f4723751f5,ATN,Strike Back 4: Ep. 405,108
2c4cac332b2b2ba8dbe0b4be1624a38a,BM,S.02 E.02 - Entourage,108
1c80aff227a5724d0ccf54e223321d62,DH,Kate Mimmim - S.01 E.08,107
8c1c21f15567bf6c0f731141cd4fb60c,ATN,Waterworld,107
85b035dbf1db46c71f04d7bffb557d2d,BM,S.06 E.12 - Entourage,107
d44d6691cf983e8027b927d7466e9059,BM,S.02 E.08 - The Sopranos,107
85992741759e4b9d6ae790f8d1dd5b92,BM,S.01 E.09 - Grimm,107
0cd38a0e45dbf95c38ca91ebb07e576a,BM,S.04 E.02 - Entourage,107
72d6149f35ac962f5b205e74f98eff07,TQ,S.03 E.171 Subito Texto,107
1bf9a3c1aeef8bc725292b0afc5e11df,ATN,Mean Streets,107
5ac6dad79862f4ea68f3e9de18e56bc3,CN,Droles De Colocs S.02 E.06,107
45e00ad48fca6f301554b6d9da6f4d1f,BM,S.04 E.12 - Entourage,107
9c5943d087634ac17d10d352196206d3,BM,S.03 E.04 - Entourage,107
a383560768d784f59b79a0fffa49d58c,SM,5 Seconds Of Summer - She's Kinda Hot,107
5af91067d8856ffe74205f781d7f93e9,SM,Ariana Grande & The Weeknd - Love Me Harder,107
e22b67a506c12fcb0e9f0e2242196632,SM,Elle King - Ex's & Oh's,107
420fb50b8d436b4af83cefd901c4ebb0,BM,S.04 E.04 - Grimm,107
bb42b7f3675a4a36154c891ee94546ba,CN,Droles De Colocs S.02 E.05,107
f5de7ad842d77d274819a440668ea247,SM,5 Seconds Of Summer - Amnesia,107
81d07c09658285b2fd9d47d592a9e3b6,BM,S.13 E.31 - The Ellen Degeneres Show,107
c3341167c2a3046338e0a281fb22cb8b,BM,S.06 E.07 - Entourage,107
8ebc0236527f3f13f8ca59f42fd3b750,BM,Amy Schumer,107
e4bb1245b0876a7bf69a3fa0b49a2bd7,ATN,Dog With Blog - S.02 E.23,107
2ddd7fad11f4075332b37e61224278d5,BM,S.01 E.10 - The Sopranos,107
5972538904ef032d90a8f8f3551543d9,DH,Littleeinsteins - S.02 E.22,107
f8fb630481ca72ac70a1a948baf1c8df,SH,S.04 E.01 - Extreme Homes,107
a9e434c8b7100c94ca5423273b408735,BM,S.02 E.16 - The Big Bang Theory,107
4b8a09147d0e3e201990452e967e459b,BM,S.14 E.03 - South Park,107
343d9345b250bb437c655af623ef7ffc,ATN,S.01 E.07 Patrice Lemieux 24-7,107
17a3355b9868a75267a7febd415f3250,ATN,S.01 E.07 Madame Lebrun,107
812e4dff502a38240f08754f5fdd9f01,ATN,S.01 E.07 Banshee V.F.,106
5178f7999f21c6be8ef34eca51b8de02,BM,S.01 E.07 - Grimm,106
dac3b40fea6c285ed833d4d59453b278,R,S.01 E.05 Ma Mère Cuisine Mieux Que La Tienn,106
25161c9063b6667e5ea68ed3a4cfe4b2,BM,S.03 E.04 - Army Wives,106
71734dc22589f658c62186fbeb36f4ee,ATN,Rhymes For Young Ghouls,106
e5d3db95b63164cfc9f87273831d2fd5,SM,100% Kanye West Vol. 2,106
6ee21bf6f3e29ab9f3bdbe0a65c57dbf,CE,Jake Et Les Pirates Du Pays Imaginaire S.01 E.09,106
3fc1167b26f2b40a7d477c28ef25bfd6,BM,S.13 E.03 - South Park,106
65280f42f75765b74c4e510f0f2caa1a,BM,S.03 E.09 - Entourage,106
d6078318f90d4004b494f687065aaa17,BM,S.04 E.09 - Grimm,106
7fca3b37b559297e9e9e7b625d3214a9,ATN,S.01 E.01 The Leftovers V.F.,106
c20dd904b24b868e2a47b63bcc1ad1ea,CE,Max And Ruby 06,106
6465dc34dab606ca65291ad4fe017aae,BM,S.01 E.09 - The Sopranos,106
8520e0d47db9e91c76556446947040fb,ATN,S.01 E.10 Banshee V.F.,106
a3f18d21534601aab5108b764f144d64,BM,S.06 E.03 - Entourage,106
4a23ccd3dcc6deeb6e1d37fdf6ee6514,BM,S.01 E.08 - Band Of Brothers,106
12dbd156df6b586743111bdeece0e0d9,BM,S.03 E.07 - Entourage,106
37ab1e2d36c2016bc8be888e03d9a564,BM,S.02 E.14 - The Big Bang Theory,106
ceafd64bb47b3e451ea687b546bbe230,BM,S.01 E.01 - 7 Deadly Sins,106
55e84d7ca1c964a7bbad1b08331aba34,ATN,Parenthood,106
1cebf8c18dbd6950c13da34d52182fa0,SM,Teen Pop: Top Of August 2015,106
75e33317ae831c35c3297bcc2f6a4e05,SRC,S.01 E.05 Galas Comedihal,106
8e8be3ca8935b788c627449271aa0b2b,DH,Playdate - S.01 E.01,106
39a1b6f567501386584bdfbd3447598c,BM,S.17 E.10 - South Park,105
cad74bc426b336822a240d98f7d26920,BM,S.01 E.02 - Marvel's Agents Of S.H.I.E.L.D.,105
d469a77230a2bce0bf19a1ae89e2c4cb,BM,S.02 E.01 - Grimm,105
f73344fe6c8bba8255615e2be88d2cb6,DH,Phineas Ferb - S.03 E.05,105
cf0628d84f9eff8e57f4a233301e5f50,BM,S.04 E.11 - Grimm,105
0ff9abbdc8e00e0003a1a5aec94fac32,BM,S.07 E.06 - Entourage,105
18a38ba647ce96a657f89b13612c143e,BM,S.04 E.12 - Grimm,105
82bf857b7b7143a544997ac977f51dd4,BM,S.16 E.09 - South Park,105
93998fd23289108e0f0d1a582d44f646,ATN,Hector And The Search For Happiness,105
2d2da8a8517d458cc3eaa1ba440d89a1,HS,Air America,105
4039a4c4e0024c62001767829eeb59a8,ATN,Yves Saint-Laurent,105
9b1d636e9fd6c0fd87088a23cd05a73b,ATN,Real Time With Bill Maher 13: Ep. 367,105
e11b3f0fdc15b0adda909a3d2d63b23e,CE,Berenstain Bears 02,105
bb750fdae7f9ff781d2301bb2d3ae1eb,CE,Wallykazam! S.01 E.29,105
f6c687714c4a5df1642ebdb6f8c4c397,CE,Some Assembly Required S.01 E.20,105
d587a62de3e9aea242236b8b60f7dd55,BM,S.04 E.04 - Entourage,105
2f7b165ee8400c2b228212f71c36d04e,BM,S.04 E.21 - The Big Bang Theory,105
78cec4a2437590ced64d817d0e28df32,DH,Yogabbagabba - S.01 E.03,105
55f5e09327c5ec7e7016d670496f33a2,BM,S.05 E.03 - Entourage,105
d7e687dc17cca47f6303438ec4d47807,ATN,Force Majeure,104
a63a4e4c102743c1b444e934539cdbe6,ATN,S.02 E.01 Solitaire 2,104
860768f67fb32a319be8f2ac47e1742d,BM,S.14 E.01 - South Park,104
faa2749d0d400550dd43101a972af189,BM,S.06 E.02 - Entourage,104
5ecc65a7fd3d9f802db613b197be20f8,BM,S.01 E.04 - The Wire,104
cf4c8e58f5dd202e961a282081b0fcba,BM,S.01 E.05 - The Sopranos,104
6737ca5c417e00d86447d4eddb27b3c5,BM,S.04 E.21 - Grimm,104
45482463e3323d4c0a9899b00f56a13f,BM,S.03 E.08 - Entourage,104
df56f93256f43c5c626e08abf748fb95,BM,S.03 E.02 - Entourage,104
0aa1e339007375f034b5b388da02b7f4,BM,S.02 E.01 - Nurse Jackie,104
2348d4594a0dd3f8fe06b364110e582d,BM,James Franco,104
d6b00001f327b393eca129202b5fd770,SM,Trey Songz - Slow Motion,104
d3d98ea3888d7cf73d3ce352e9dc2b20,BM,S.04 E.06 - Entourage,104
d546e69b50fec2310ce7cf45645df93b,ATN,True Detective 2: Ep. 202,104
610240dde3caa6af1fdfba7f26356467,ATN,S.03 E.07 Vrak Attak,104
e00ef56bb8503b7529c7b257b6f1459d,BM,S.04 E.06 - Grimm,104
81695d2e2d80a587bb30a11af017973f,SM,One Direction - You & I,104
cafc17298bb99b68c5e4e2fa81c62305,BM,S.03 E.01 - The Sopranos,104
1f397fc1bc1ea7da640a9a0b86ec526d,BM,S.03 E.17 - Entourage,104
220314a9a5c4b61e3e6f129841fce3f5,BM,S.03 E.16 - Entourage,104
fd197feb633f56a00cc176e76d632ab8,CRC,S.01 E.07 Love Child,104
92e801dcc3eaa0efe33e82bd906ba0ae,ATN,Philomena V.F.,104
cad4fc88c211592d99d6b6f335c1ed89,BM,S.07 E.09 - Entourage,104
d23eebb7ac4a4e04986ad4fd5eecda92,ATN,Masters Of Sex 2 01,104
0538f0bc886601e013875ab68afda028,SRC,S.06 E.23 30 Vies,104
06aad024c6761fa43558a2b94b1bd7cc,CVOD,S.1 E.05 - Life In Pieces,104
e6bafdb0474524e850689c1ebdf5e602,BM,S.03 E.05 - Army Wives,104
a5a761a31e755b06fb81448c652df9bf,ATN,S.01 E.08 Banshee V.F.,104
d55ba0e028cb465785de5e808e239aaa,BM,Dave Chappelle: Killin' Them Softly,103
f25c36309136e9c908bd01eb3cba3330,ATN,Outlaw League,103
e8a83385341787990c444f73b31d8270,TQ,S.03 E.179 Subito Texto,103
803810f6768a1a52a604377167eb724a,SM,Taylor Swift - Style,103
883eddeba092e5c03493f3bc7a5768d2,CE,"My Dad, The Rockstar 18",103
3977e1e8399b0717202bff4e3e59e23b,BM,S.02 E.05 - Entourage,103
eed6749e99cc30fc8d47dc63ea4fbb21,TQ,S.03 E.174 Subito Texto,103
da0a6119524dec387b0e83995606aee5,ATN,Strike Back 4: Ep. 403,103
a336c47a6cb0309387bfa26386de8578,ATN,S.01 E.06 Camping De L'ours,103
34a67a25f906aa293371c52eb2ca2d4b,TQ,S.03 E.176 Subito Texto,103
aae7294fa0423304d7b741c173d57939,SH,S.15 E.1019 - The Late Show With Stephen Colbert,103
8c12386cc57c0a2c0373f7f459718646,ATN,Sinatra: All Or Nothing At All Part One,103
e0f2230463d970e5f6caeed93314ba14,BM,S.05 E.08 - Entourage,103
c3fabd07fe5e03f5dff82efb7be29b79,BM,S.02 E.06 - The Sopranos,103
a4e9d293bc8194dfd86b58469371ef6d,ATN,"Leftovers, The: Ep. 104",103
b5ac590f433071840000bca259977cb2,BM,S.03 E.20 - The Big Bang Theory,103
8057c05815f0a0867b7e7822e49160ec,ATN,S.01 E.19 Med,103
489988edf9d21c8a37b87ee03fc8ccdc,TVA,Dino Dan S3 Ep01,103
0f1f02ff4401124e80b681abdaaa5180,ATN,Vice Special Report: Fixing The System,103
ea306b153f40efad4049fe96c0037740,ATN,S.01 E.06 Les Enfants Roy,103
a36dd5d251c69b623b7c6977165b2868,BM,S.04 E.03 - Entourage,102
44f127e74377ec89ce6c2bbe92bd8094,BM,S.17 E.07 - South Park,102
7acdc42e1473d980ee0d8e84f32e7d8a,BM,S.03 E.15 - Entourage,102
2202aa0bcfaae1506285a0682032a9cf,ATN,Dog With Blog - S.02 E.12,102
c54a5f394627a88743531074cfe9ec07,R,S.06 E.05 L'arbitre,102
37631cc9e453fcce71ab630b796dccb0,SM,Katy Perry - This Is How We Do,102
0cfa6e7f1dce46e18cdbd8e18e471a90,BM,S.01 E.08 - Grimm,102
ef6a2d526b2a31e98f0a5575a52765c7,CE,Caillou S.01 E.75,102
c50d7ed28ca10fa19f8e7ea5378759c2,BM,S.04 E.18 - Grimm,102
291b7f8d9c4412e824cac52a3bec57d0,R,Ces Gars-Là S2 E3,102
32c8e044faa7d3225b8d66a8e38d8894,ATN,Banshee: Ep. 104,102
5fd513a4fa21fefec0a9062a54b444b2,BM,S.04 E.05 - Entourage,102
36fdb97df51d2031a663001600192f82,ATN,Girls 2: Ep. 201,102
b4b5b35003f2131a8cb4a1d6ebc2bfb1,CE,Talia In The Kitchen S.01 E.03,102
4aa4d43a6c9b1ca6431812ccfbd03433,CE,Max And Ruby 02,102
d78e47080f9fe6411577c76fc90b883b,BM,S.01 E.09 - Band Of Brothers,102
89c1b51b344761426e3f09f9fe620cb6,SM,August Alsina Feat. Nicki Minaj - No Love,102
3f9f011c9ff15842fe23267970b6accd,BM,S.01 E.01 - Monty Python's Flying Circus,102
4a678e81804368e199a9d475d6361094,BM,S.01 E.01 - Deadwood,101
299f29dfdd889ce83d943bd8f3c04702,ATN,Seven Days Of Retaliation,101
5f0ed380da99a42b2880cc926eb17053,ATN,S.02 E.07 Banshee 2 V.F.,101
499538749dd38188e9e85475d1e10d36,BM,S.06 E.04 - Entourage,101
c3bf9b680dc757cf0ddc6f93fbc5a92a,BM,S.04 E.07 - Grimm,101
d891fb9236c8d47fd1b94025216d89f5,BM,S.04 E.16 - The Big Bang Theory,101
a69c482af76736c2a93c612298ecbcc8,BM,S.01 E.01 - The Borgias,101
1aa325887ea817a3173b72da1d77c1ce,BM,S.01 E.01 - Behind Bars,101
43fb1416d014dd32b77fbe1d4280f2bb,SRC,S.06 E.22 30 Vies,101
fdf4f2c03976f88272cc79d4c970ebe3,BM,S.12 E.01 - South Park,101
9979ea80a34875bea67e5bc995c2f8e3,ATN,S.01 E.02 Boardwalk Empire V.F.,101
d1be3a1ffc97db44043fb1bedfa850ae,BM,S.01 E.02 - Penny Dreadful,101
e0619b10b5d59d4e0331b34ce19103f0,DH,Fraisinette - S.04 E.03,101
55b6cfbc7971b4f0255aa236cd08abd6,BM,S.1 E.01 - Open Gym After Show,101
5941cfdb3f57708a9b07a7caedfffd11,ATN,S.01 E.08 Beachclub,101
2ebfbd942db6a9f4b3e58855c2ddd8e3,BM,S.02 E.10 - Grimm,101
6b3136716db1aa943c47609e07e09635,BM,S.02 E.03 - Homeland,101
c66715ef1469db79025f6147bf07c55c,CN,Yu-Gi-Oh! Arc-V S.01 E.10,101
3cfae39f52e9b5b30968010eb60b1d60,ATN,Banshee 3: Ep. 01,101
2f88d4b907f4347980727fd9d5af893b,BM,S.02 E.09 - The Sopranos,101
238f613b34f955236efcfd9f1d17bc86,SM,Charlie Puth Feat. Meghan Trainor - Marvin Ga,101
3262ebc4621e502a9c1d9e432ba7979f,BM,S.02 E.07 - The Sopranos,101
dfe947d0891b6aa700228fc470378d49,CN,Inspector Gadget S.01 E.03,101
c3434efe03731055d774572252047216,BM,S.03 E.20 - Entourage,101
be9266a79bce39bc840ec2c8a3dbe3ad,BM,S.02 E.12 - The Big Bang Theory,101
e871a278cfebbe3fd8a2ab434cb1efa3,ATN,Fanboys,101
4e001ae6130ec70645ed13cd5d122442,BM,S.05 E.795 - Conan,101
30b66c561d7fae4a880376d6daa29f47,BM,S.05 E.07 - Entourage,101
cee6961a5386bb3162a8b44fb6c771b3,BM,S.01 E.01 - Drunk History,101
b5dd68bc91f90adbef9fa5fa336b5aee,ATN,The Brink: Ep. 101,101
0bcbb3db0fe550b5ba68b7999440962d,BM,S.02 E.07 - Entourage,101
91f68f067f38193d7460fcc3d2aaee95,ATN,True Detective 2: Ep. 203,100
46edb3dd8e989232038bc4df911b1116,CE,Sanjay & Craig S.01 E.30,100
c39d8c4a96e2db808351262d0cc0c717,BM,S.03 E.350 - The Tonight Show Starring Jimmy Fallon,100
c745dc82ce31243ec51a951a0216c51a,BM,S.02 E.06 - Homeland,100
38ee5b16ed3254c402100fbb511fa2d3,CE,Some Assembly Required S.01 E.19,100
4d3c02241e63dbb212b466fac22ef5c8,DH,Gaming Show - S.01 E.01,100
13763a207248cd43a71949121e6d9a87,BM,S.02 E.02 - Gigolos,100
9e321d7bef028b081bcbce1fdb4a94c8,CE,Benjamin 42,100
590f71d35cce3f22a13ebc92dcec2bc7,TVA,Amitié Monstrueuse,100
674c1d9c7bfd34d0dc182bdc917b30c4,BM,S.01 E.02 - Nurse Jackie,100
a86f923f600a471eef7926619451430b,BM,S.04 E.08 - Grimm,100
7e83ccfeb28ed6e03b2983739ae1b32a,ATN,Killing Daddy,100
6ddccf9def66a7671a006416473a236d,TVA,Chuck Et Ses Amis S1 Ep01,100
1721cf8deecb6c097f6d07d167ed12d3,BM,Autopsy: Confessions Of A Medical Examiner,100
a6f3d84e48da5b2b9a55f6ad9e3d6c18,BM,S.05 E.01 - The Sopranos,99
b16f975de0f8179475440d4af8d9cc85,ATN,"Leftovers, The: Ep. 105",99
7046269a0c294dfe1aaba274c484f0a6,ATN,"Season With Notre Dame Football, A: Ep. 105",99
9f692fa647f265cf79b3203fa0ddc3d1,ATN,S.01 E.09 Madame Lebrun,99
a9e34525aba06622b868c228cf31aa25,ATN,S.02 E.08 Banshee 2 V.F.,99
74cedf9d6fa94a6e56d6c097c9ab6a01,BM,S.01 E.12 - Grimm,99
ae1a4c61947a4dee1de6ff4327859e37,DH,Mighty Med - S.02 E.12,99
ae69560004df359a57fb9a3379dff5d6,ATN,Sorority Murder,99
968d76cfbfe218318afc8f04a898e7ad,ATN,When The Game Stands Tall,99
d5622c7ad346e3d7084fba722a050164,CRC,S.02 E.01 Canada's Smartest Person,99
2b488062a4ba5acaf66a37a4cf9048c2,ATN,The Terminal,99
7728d8fd32a69331ee3c90de38b8a94e,BM,S.10 E.03 - South Park,99
897440eb006b7abd6d7b4c80b5dd6a23,CE,Wallykazam! S.01 E.28,99
b80c30d9d1fdb579cd29bf054bd5393f,BM,S.05 E.04 - Entourage,99
db522297d0aa47e4dcf9c2f9ceff2297,ATN,True Detective: Ep. 102,99
a2b93b5e5ebb60e7936a8df3d07ad342,BM,S.01 E.01 - Weeds,99
9c96804af4b869380c1fd139c3fd9f60,ATN,Wizards Waverly - S.01 E.10,99
c00846bd65a69fc3c133a8f5222e29c6,SRC,S.01 E.06 Un Chef À L'oreille,99
6102defac24ee3857926ec5bc1182671,BM,S.04 E.14 - Grimm,99
e7cd1ee60d3cc547e205d75379a86b4a,BM,S.02 E.08 - Grimm,99
bba873585ce1da902e025afee245d6ec,BM,S.05 E.01 - South Park,99
287fee4d9216fa159df932ef7a1b8be6,ATN,Vice Special Report: Killing Cancer,99
c32b0c0d910ea70ee6e2846c46e4f12b,BM,S.02 E.08 - Entourage,99
4041d321e0b738d85d9d33f6691d535e,BM,S.05 E.09 - Entourage,99
d5a749d92146bad2efd28d422ffa2024,SRC,S.03 E.04 Nouvelle Adresse,99
f93b4a23f9aa4fc6379f30191f5c9411,BM,S.01 E.02 - Curb Your Enthusiasm,99
740f368541a120ba2ce5f407c80ce8b9,BM,S.05 E.05 - Entourage,99
16d9bef6fe6af741c0a1fc54803827bd,BM,S.05 E.06 - Entourage,98
88100819bdbf97a8e016c79b089eb925,BM,S.01 E.16 - The Daily Show With Trevor Noah,98
28ae69fa5bf5515146a1abbb66432037,BM,S.04 E.07 - The Sopranos,98
6b4f8f00371a022d23839492bf595997,BM,S.01 E.01 - Perception,98
563fc78f564b9a3b0bb280496e920b90,BM,S.03 E.03 - Entourage,98
dc16719ddb3136bcc2502f8a5213a4c5,ATN,Tommy Boy,98
9dc0042292936dd6c0cfa91790e3c7eb,BM,S.02 E.10 - Entourage,98
b8dcdb1dac58776e15bb09aef3cf96f4,R,S.07 E.05 Un Souper Presque Parfait,98
ee71e20e42e2b72d227fa3e49cab19fc,R,S.06 E.01 L'arbitre,98
ad81265dabf399fc4951068fbc813219,BM,S.03 E.15 - The Big Bang Theory,98
de7728c5dff772ea40ff939db9d40e65,CN,Amazing World Of Gumball S.03 E.45,98
bd2f02239b3c63025dc75e033bef270e,SM,J. Cole - Wet Dreamz,98
0a4ca66ff1fb21f2b77860ad6303a5be,CH,Supernatural S11e02,98
4eed86312937c09f7664f3432c32ffb6,R,Les Recettes Pompettes S1 E9,98
9b9bf0a38c4440c6582258a3b0ff19e1,DH,Mighty Med - S.02 E.14,98
9564c8fc5fa1542bbb5a826d64719d6f,BM,S.02 E.03 - Entourage,98
438d0353155391eecb2234a6b5f84870,ATN,S.02 E.06 Le Trône De Fer 2,98
09f047e9a0f1ecaed0795851ad79569c,BM,S.03 E.18 - Entourage,98
6493a5044f67cca5d17fd9898288dfe8,BM,S.05 E.17 - Hot In Cleveland,98
7c46e0f16e457ad108c1609340078b89,ATN,S.01 E.09 Patrice Lemieux 24-7,98
47b8299dfed10b447cad9283ab1a2969,CN,Amazing World Of Gumball S.03 E.44,98
30e80e2c0397add044929b22551910ff,ATN,Shark Killer,98
238783d1b63973234e0e00c3e020783a,CE,Harry And His Bucket Full Of Dinosaurs S.01 E.06,98
423befc2f50a3099af0a898726863e4f,R,L'arbitre S5 E11,98
2991c99fb37f43efb9b4ba555fbc606a,ATN,Strike Back 4: Ep. 404,97
8637ee7ecc43c74d6039d11c966f5e29,ATN,Ray Donovan 3: Ep. 303,97
5006968cdb14f91227178324535e56a3,ATN,Dragon: The Bruce Lee Story,97
131a3b47db137de3ad84144dcc5d16ab,SC,Blue Is The Warmest Color,97
27cb8cfce7eaa84f1c984930f19df57e,BM,S.10 E.02 - South Park,97
ebc955a539c2bd684b37807db40f15b2,BM,S.06 E.02 - The Sopranos,97
6d52e769a0359258ace65ff1d7c83e9f,BM,S.14 E.25 - Dr. Phil,97
dc6f54a2bc632751c5a8364815e198b5,BM,S.04 E.15 - Grimm,97
4cc1fd4fa207ff5a7e018ee0088f6744,SM,One Direction - Night Changes,97
efb04c7c4277c0eaa8e5045da5cbb982,ATN,Strike Back: Ep. 103,97
05dc4bbd1e64be152c3949f69e81287a,BM,S.05 E.12 - Entourage,97
acfb05a9b75247d5430133218e0cbaf9,CE,Some Assembly Required S.02 E.33,97
ef6b1650d505d8780f9ebc30703bbc15,ATN,First Knight,97
9c6130e681b618c242c3583ba0f17dea,BM,S.01 E.03 - Sex And The City,97
c2ffd18cfa40d5ca1f054d194f3b5eab,ATN,Lethal Weapon 3,97
c7cca1c8af35211c5cfb4843675e9066,BM,S.04 E.05 - Grimm,97
624a77c1d4544f77c032fc9045c7cd7c,BM,S.01 E.01 - Reign,97
6005545353c98f131a2ee5e6bf277918,ATN,Strike Back 4: Ep. 402,97
714b4038bfa6551f06e01d07c44fee46,CN,Steven Universe S.01 E.72,97
90c8e803ec2b437c72ed1f69629d2d5d,ATN,Olivekitteridge 1&2,97
a2632efd7ce721aa15a2a73967f1dba5,SM,Demi Lovato - Cool For The Summer,97
317fffc81c8ceab0a86736360537365d,BM,S.14 E.02 - South Park,97
c6f49b3a1813519d6016b45b7a555e06,SH,S.15 E.1016 - The Late Show With Stephen Colbert,97
81cc497b152c226a14e7905564420c89,BM,S.01 E.10 - Nurse Jackie,97
5f62f2e332eeeb28140496a910b1d488,BM,S.04 E.13 - Grimm,97
36dcbbb26dbbc2fd8d01207791d0e04d,CE,Descendants Wicked World Shorts S.01 E.02,97
3910b7b7cff4185c1542d2d4028719f6,BM,S.04 E.07 - Entourage,97
fd439c42470ded5cd3196aa604b833c2,BM,S.03 E.06 - Army Wives,97
72ff5df7034759f2ad981d3507cfde83,CE,Harry And His Bucket Full Of Dinosaurs S.01 E.03,97
6a4268dadcd2d6c0ef418519e4627011,BM,S.01 E.02 - South Park,96
25b8acfa3340dfeac4c12eef0a4d8733,BM,S.02 E.11 - Entourage,96
1f5654fe52e6b035a55698d958d738f2,CE,My Big Big Friend S.01 E.32,96
36c37514ca4179aef3268f73c5fb6c35,TQ,S.03 E.168 Subito Texto,96
ddf595d874f665b040422b1b00c251cf,R,Les Recettes Pompettes S1 E8,96
be0a25b4e473b5525e0ff488519998e6,ATN,S.12 E.05 Un Tueur Si Proche,96
97bb660575c9717656ef2cad36c736ac,CN,Inspecteur Gadget S.01 E.04,96
d8ae16c4d7f72b6a11005101518d7f43,BM,S.04 E.20 - Grimm,96
c226c68481351b79e703eb739fa09cfd,BM,S.16 E.07 - South Park,96
1ea1c227adbba97eac7ea2da371ef60a,BM,S.02 E.09 - Grimm,96
553bae0a6fac816b40616aa88c0e4b81,ATN,Masters Of Sex 3: Ep. 312,96
9bfbe4d35eefa34d4aeff009b395af5a,BM,S.11 E.01 - South Park,96
a4763af4c5d453627afc0831e071afc1,ATN,Blazing Saddles,96
8eaf240307721f195ef1a1eae648067c,ATN,Ray Donovan 3: Ep. 304,96
430ed438561d7038044db27bdbbe3e1e,BM,S.02 E.03 - Grimm,96
b00f55efa8ba79cc3bfbef79acce7f93,CE,Sanjay & Craig S.01 E.40,96
e974d85fd847c7547394e1942db2b48c,BM,S.29 E.7186 - The Bold And The Beautiful,96
e071ea96cad2cbf79a166ec4b468e53a,ATN,The Perfect Girlfriend,96
3105de2c6cb0d2d9b38e1a59b8723867,SM,Meghan Trainor Feat. John Legend - Like I'm Gonna Lose You,96
53951f3216c6bb0015b7c15f14a97f4b,BM,S.04 E.08 - Entourage,96
11cb094f2f5a9528eeedb9f4a1ef6b68,ATN,The Next Step 3-04,96
c23621fcdc458dbbc1796f9306d5659c,ATN,The Unborn,96
5e051480e386f18bff4cfeec8cf1e626,CN,Hulk Agent Of Smash S.02 E.15,95
d987117f3864e3404e020f34838667ab,BM,S.07 E.03 - South Park,95
b31340a55f01ce4ae2d7b3cb15c8e457,BM,S.02 E.01 - Seinfeld,95
287a054b8e32dabc209fccb0b7a7df6e,CE,Harry And His Bucket Full Of Dinosaurs S.01 E.07,95
44bdb1f1f29d33e65e0bc225aaa396cd,ATN,S.02 E.08 Le Trône De Fer 2,95
1bceccb603581d8a90c17c98e008ccac,BM,S.02 E.11 - Grimm,95
7a81f48a0cfd0766285af7bfabd58ed7,BM,S.05 E.11 - Entourage,95
bbd15cd8c441782cef9a5cce071676ec,BM,S.01 E.10 - The Daily Show With Trevor Noah,95
8413acf3a5b7e3e8f178691ae2ed960c,BM,S.02 E.04 - Entourage,95
1758c2d8b19375be57485572d78baac7,ATN,Citizenfour,95
2d17991cd901719d4511a2b95ac486cd,SC,The Attack,95
65a23139b0d8416ab312b8b5239f9e72,BM,S.01 E.02 - Gigolos,95
2f36fcf65e698cabbf9e0609a0d01ef1,BM,S.05 E.01 - Nurse Jackie,95
8a8b5341c8eef922c2be4316a2fa9b5b,CN,Amazing World Of Gumball S.03 E.47,95
b215ad707898266e6d2193c2ecf7926f,R,S.03 E.16 En Mode Salvail,95
a28fb4cf45cb2f4350916e9e6020ad99,BM,S.03 E.12 - Army Wives,95
00304abc77902c0b9486c1a18f9dde97,BM,S.03 E.10 - Entourage,95
5f9b5d635dab77e000192ed8e556c433,BM,S.05 E.10 - Entourage,95
002029fa4fca0ca4685297b231b18ff3,BM,S.03 E.13 - Entourage,95
34716e0e5fcb643700f881e69a273172,ATN,Banshee: Ep. 103,95
8dc52f5237abe0dcc058b878f68277f8,ATN,Banshee 2: Ep. 01,95
046dae69ec0f5fcbc0d1462ccc69eeed,ATN,True Detective 2: Ep. 204,95
2ce1ae388f7bff7319ec461ec532cfd3,BM,S.01 E.01 - Six Feet Under,94
2d256ee0f60d2122f4fd8b0b9037d46e,BM,Robin Williams: Weapons Of Self Destruction,94
2c27e800299ec669e51c1f6b641b0ae6,ATN,S.01 E.10 Comment Rénover Quand On Mène Une V,94
eab67b3a6bde032117dea6d6a7426138,BM,S.03 E.04 - Sleepy Hollow,94
1a9988923fc00979111d2914062c4707,BM,S.02 E.23 - The Big Bang Theory,94
f90c178ed6b0ba6f8b8d82c6e4339ee6,ATN,S.01 E.09 Banshee V.F.,94
e2ccfa02ea6cb7509b8bdc5113e0471e,BM,S.02 E.06 - Entourage,94
a22ca4987c3cfff1cbcdd6b1f91ff963,BM,S.03 E.23 - The Big Bang Theory,94
89c3e861d9f1c1a6a2c1cbc62091b571,SM,SHn Mendes - Something Big,94
4ed79fc12b28b921a08d40794a4df77b,ATN,S.01 E.44 Code F.,94
aee32c31b496f3dfde1accc202ea0ed4,SRC,S.02 E.05 La Théorie Du K.O.,94
7bc301534002c7f82523df6fddf268f4,CE,Wallykazam! S.01 E.08,94
1b77a5cb9ffb43d002a4533901c43637,R,S.03 E.11 En Mode Salvail,94
a09e611e66cbc72ab272b6595fda76fb,ATN,Stop-Loss V.F.,94
e29b92f2d5375e30ab387a07e0d12e42,CE,Berenstain Bears 22,94
8fbfbcf63dcb38294e9071414800a424,BM,S.10 E.01 - South Park,94
f7cffea1e65c0cce9ebbda835d3aa5c4,BM,S.17 E.03 - South Park,94
ab4c614e74b368c59b8c8db6c1af70a1,BM,S.04 E.17 - Grimm,94
7263df00f66a247f0d69f3f81a9693cf,DH,Kate Mimmim - S.01 E.06,94
4317e8ce5c1fa79d3c64c59f0b980073,BM,S.15 E.05 - South Park,94
3524a40416a2a8d30885c781757c47b4,ATN,Dallas Buyers Club,94
99cab896a06dd9fe533fb98cf6a665a7,BM,Louis C.K.: Oh My God,94
97a3a1a438f53f8fd49ac2c4ee9e9e33,SC,Homeland S4 Ep 01,94
5dfad567f9be3d1de2598e5f5bae9e15,TQ,S.01 E.01 Une Histoire Vraie,94
8c43442e7733f8c273e640d4cc0541df,ATN,Xfactor - S.11 E.20a,94
99d83f55d2ab2861006f323497a3b66b,ATN,Girls 3: Ep. 301,94
44ca824c2f959372da885842a6317633,BM,S.03 E.18 - The Big Bang Theory,94
aa1f1b668c0a61428fd70905faa58c53,BM,Conspiracy,94
009f9b1eeceafb626de956bbd7062a1e,CE,Nerds & Monsters S.01 E.17,94
2bc2e925d841255987b5da5edbcfb1de,BM,S.03 E.07 - Army Wives,94
995abdf6d71b3d1024ff97e4e5d32aa4,CE,Zack & Quack S.01 E.05,93
85f429231ec51977475faf94143602a0,DH,Mighty Med - S.02 E.13,93
0c96784e72bf483f83329fcc94cae537,SM,Hey Jude,93
981fb0596264f52ae32e0e6fa32dd9d1,ATN,S.02 E.07 Strike Back 2 V.F.,93
5734b9d71b1864efbba642ef58262900,BM,S.03 E.11 - Army Wives,93
1f7865eec3d0ec7ca773a0ac6a2fbafb,CE,Talia In The Kitchen S.01 E.04,93
e06c2c04091214e859bfba428ccc43ce,R,S.03 E.10 En Mode Salvail,93
d2109286dc0f8a6c5d1cbcd2e0b28bc3,ATN,Welcome Home Roscoe Jenkins,93
9f98e49beda712608061f546e7c4dfc9,SM,Sam Smith - Stay With Me,93
f59bf920596f2000b73846e50c892e68,BM,S.01 E.07 - The Daily Show With Trevor Noah,93
7fbdb874bfc12fea1ffc052657a25ac8,ATN,Silicon Valley: Ep. 101,93
88ca3e1035135996bd6cdda8d11ec212,ATN,Dog With Blog - S.02 E.13,93
af70cd85e494be9024012f75d63f484e,ATN,Metallica: Through The Never,93
d646ce2da5bdac209b1c2c65284ab05d,ATN,S.01 E.03 Masters Of Sex V.F.,93
84a1eae9d5920ea2e8844a895d56fb81,BM,S.16 E.04 - South Park,93
120cd2c9d2d1c8da7a2f979ab9d5eb5f,BM,S.04 E.16 - Grimm,93
5d044270f653ac33966a8b4efd7b7556,BM,S.06 E.01 - South Park,93
2608926d09f2f24928df9df39faf4bdc,CRC,S.01 E.02 Keeping Canada Alive,93
2be2b3e79b3aa9fc61f22eb99fbb14c2,BM,S.01 E.13 - Grimm,93
ef2c7620325f6b4f3d17ee6db727c0e4,BM,S.01 E.09 - Nurse Jackie,93
834a790dbebb646ec983ef6ceaa8914b,BM,S.03 E.17 - The Big Bang Theory,93
88c8605eeb504996b71f0b4641e7cf15,BM,9/11: The Towers And The Pentagon,93
f89a2e0756ceabbd58fc0725a5100391,BM,S.01 E.05 - The Wire,93
314f615552540fe3cda2040635ca3307,CE,Girl Meets World S.02 E.20,93
e6f37c6860bc9e9c6b783bc3ecf0648a,ATN,Godzilla (98),93
2b7613c58e7ee85385be5c1ee238d6ae,BM,S.02 E.02 - Nurse Jackie,93
d9e9f47454d52622ba2163e999418ac2,BM,S.02 E.07 - Grimm,93
bcbb90d6cb7d8bd0eea617279c48482d,ATN,S.02 E.09 Banshee 2 V.F.,93
33d2a9892e74214d3fd57c6e4c5bbee9,BM,S.17 E.08 - South Park,93
0ff8fa9f4288d1b9a9308bdfddb31fea,BM,S.03 E.01 - Grimm,93
3431c21b0651f0e4f9c97f43be41d4b2,BM,S.15 E.01 - South Park,93
9268e753bf7bab26de2131725aeef66f,R,S.06 E.04 L'arbitre,93
b2653ca07daaa7615c7f7ec504673eb7,BM,S.04 E.09 - Entourage,93
705c5982b7462b7947ea68e19aca73f7,BM,S.03 E.10 - Army Wives,93
9f8ed57c55b91b046a27abeba9450375,ATN,Ray Donovan 3: Ep. 301,93
4354e88ed50a61dccc5b0e02e4d17be4,ATN,48 Heures De Plus,93
1ab581c1aab59f8e0e72fe86162527de,ATN,The Railway Man,93
afa1cab27ad843ed87b19e3c73f5b5c1,SM,Teen Pop: Top Of April 2015,92
ced4d9ac01f5ef8c00d773298a2a2ab9,BM,S.13 E.07 - South Park,92
319367a2dc43fc93fb0a22c7825a0572,BM,S.02 E.05 - Grimm,92
7dc6897f58a85f662464b78fb8a1c817,ATN,S.03 E.09 Vrak Attak,92
34a8f5ed6190a69505fbbba5cda09836,ATN,Banshee: Ep. 105,92
e5e3a0068b46b2fda410261b866feca1,BM,S.02 E.22 - Reign,92
054eb12bd42a1299d20f16f5614eac7e,ATN,Eastbound: E.01,92
4bbe83f4c7e1561a95ecd526db7e8b61,CE,Love It Or List It S.06 E.145,92
341796f848d05ad03a44e7f806212595,ATN,Out Of Sight,92
a42d1aa066fe6cd888fa1526764b575e,BM,S.02 E.01 - Marvel's Agents Of S.H.I.E.L.D.,92
8313d1a790ef447012aca5285a00f00a,SC,Homeland S4 Ep 11,92
d37b3f66596e1f073db6ec6e837e4bc8,ATN,S.01 E.02 True Detective V.F.,92
180ecee7223febad0b602515d3e4b8a3,BM,S.02 E.17 - The Big Bang Theory,92
fd61166f31ee7523e980fe780185923e,SM,Magic! - Rude,92
74a542f0372778fc1097bafca8d61e73,BM,S.04 E.10 - Entourage,92
f5a75d8f12c872b94891d7eb620c3621,BM,Chris Rock: Never Scared,92
4daef666ee8c854ce10ccd2fa69da23e,SH,S.02 E.11 - Extant,92
5fcc8dfd3d6f5798f631b45a1833451b,BM,S.13 E.09 - South Park,92
967ebe0941ebbee093052f372d02d513,SM,Becky G - Can't Stop Dancin',91
e60f6fd90c66ffa55462b0890093be05,CE,Berenstain Bears 21,91
710907a93800b09d188ff81e3a19c92b,ATN,S.02 E.23 Le Studio,91
3f24cf280ae0519439bf39d686b7f47c,ATN,Banshee 3: Ep. 10,91
5ed454395fdb29ca2889b810df999309,ATN,Dog With Blog - S.02 E.11,91
94164b8a2d1a096ea139e7091fb65850,BM,S.06 E.03 - The Sopranos,91
fdfa5fb60ec9dba27d91e0bda1d24e63,SM,Eminem - Rap God,91
4f3187058926939817a05d8bdd384619,ATN,"Leftovers, The: Ep. 106",91
5b0357c1db926d6404337385fa9ef990,BM,S.03 E.19 - Entourage,91
a46d40809b1ca5a19e5fcb7568c9adac,ATN,S.03 E.06 Vrak Attak,91
4fac52728e7b0d7e97379b2c5e81d535,SM,100% Timbaland,91
3e6574704acd2416edaf3495c9af1f0d,R,S.06 E.02 L'arbitre,91
a8f9420cda976a93996b141c100d3a92,BM,S.02 E.02 - Marvel's Agents Of S.H.I.E.L.D.,91
327f545a96b772ace2bf2d0cfa563101,SRC,S.01 E.06 Candice Renoir,91
39ced74737fe747b9b6431e370d92c4e,BM,S.01 E.02 - The Goldbergs,91
125cbf52cbcd31c54c209debf206fc87,ATN,S.01 E.03 Boardwalk Empire V.F.,91
7fbb8069545102ed062ef97870655013,ATN,S.01 E.03 True Detective V.F.,91
725777bafbaf3e142fc5179413beaf4e,SM,Sia - Chandelier,91
6d53867892c0f195342cfc512eaaf6cf,CN,Hulk Et Les Agents Du S.M.A.S.H. S.02 E.14,91
1129f61fd0f013a9a49af3774e0704f7,BM,S.01 E.01 - Hunted,91
07bc103885ff940152f96b399ca8c24a,SRC,S.16 E.04 Infoman,91
c81554efff5456c05b37c9917bc71f6a,ATN,Jonathan Strange & Mr Norrell: Ep. 01,91
37347becf95b58390fafe44bd02be2e0,ATN,The Thing,91
02586180aa762c3e0fc95658e59762c4,BM,S.04 E.19 - Grimm,91
1d1052910061ceb00086cc233a2fe5db,BM,S.02 E.04 - Grimm,91
703b1e5a1e24530b5814c26e9e99cde5,CE,Max And Shred S.01 E.20,91
164c1995fbefc81baaafdf87ad1ca51c,CE,Sesame Street S.01 E.105,91
7137d3342e5b5ed409d7504b05d7f98e,BM,S.15 E.09 - South Park,91
815321c668fb29c090b7f37f6864bd1a,BM,S.16 E.05 - South Park,90
5657a4a587c8f68058d6c4d0cff1d6ad,ATN,Vertical Limit,90
c0074fad8c5c4fb802beac03a7c1aaf4,BM,S.04 E.02 - The Sopranos,90
95e0ceddff383218bd0eaef6ca64a1f9,SRC,S.02 E.02 La Théorie Du K.O.,90
4122aea6ece340d336e0ba8301dc70df,BM,S.03 E.08 - Army Wives,90
69d963e4e16ad017fc1f884011d86b59,BM,S.02 E.12 - Entourage,90
f9186fc6b2b76df8b7901b8dd61463eb,ATN,Nothing But The Truth,90
e0a6d23655f75cd1926022ea6bb92e2d,ATN,Robin Hood-Prince Of Thieves,90
76405e6a0c54a402c4603ead4f910613,BM,S.02 E.19 - Grimm,90
19da797012c7d52960dc5eb334f20d4f,BM,S.17 E.06 - South Park,90
80032435f093268ea65458d0037dc116,BM,S.01 E.05 - Sex And The City,90
a531804774959649bb1d525992085a8b,BM,S.01 E.06 - The Wire,90
af9a378e4ab9c6006661a132d405cfab,SM,French Montana Feat. Jeremih - Bad B*tch,90
0e881a400cf871116f9969e9230dd03a,ATN,Teen Wolf V.F.,90
d1a1f0795d03f500fdd6ceebc21bf87f,CE,Berenstain Bears 23,90
1b00c9cc0d7f6356766ed5f5de04f96e,SRC,S.02 E.03 La Théorie Du K.O.,90
4a46e3c36f7be0df6a663101c3c580ad,CH,Nashville S04e04,90
7353d74315a1d9ba2ba270a31ad03746,BM,S.04 E.01 - The Sopranos,90
0c6eb7f4cc5edfa93e65169c742fb216,TVA,Dino Dan S3 Ep02,90
a9787fd6d12ad02ac70efc95a442c1fd,CE,Zack & Quack S.01 E.22,90
356cf1899d33f022e09eee8d7832b1df,ATN,Doll & Em 2: Ep. 205,90
8b2e6d2c3dc4e4cfc791254d0392e0f1,ATN,Girls: Ep. 102,90
37b694482e48a90fce6edbd6daf3f379,ATN,S.01 E.08 Les Enfants Roy,90
bdb950870ea1bbcb877c686ae8d62872,BM,Halo: Nightfall,90
d4541e0ad08f5ad68b522e89712eb352,DH,Mighty Med - S.02 E.15,90
9d8b09e39faa647e9c452d88a827dd9a,ATN,Le Temps De L'aventure,90
2f87dc779276d7ca13eae4ac45cf8fe6,BM,S.02 E.11 - The Sopranos,90
1393d3e2186af9ea0154ed3316aa165e,BM,S.05 E.11 - The Sopranos,90
caf54aa0b35a594025e434c9ac169a4c,BM,S.02 E.02 - Grimm,90
02259cf9263005664281ccfdd39f1b35,CN,Hulk Agent Of Smash S.02 E.20,90
bf2815f0d03ea39d96cbec0e904408ac,BM,S.02 E.12 - The Sopranos,90
2b31a1acbdf89d0b9cb1b2a753f4aac8,DH,Mighty Med - S.02 E.11,90
94077b4d91472cd6f002b2de2a03ee4e,R,S.07 E.25 Un Souper Presque Parfait,89
14422e5ba45c95dde93fe11845588e82,BM,S.04 E.08 - The Sopranos,89
3a216239e7bbb905248d929606a0e4a0,ATN,S.01 E.02 Le Transporteur: La Série,89
de68d90bdc061ffc0f9e3c3ee2cf6e91,ATN,Sleepless In Seattle,89
4c8083222d7469507be17662aa3ee234,CE,6teen 21,89
abe12437eec7029fd06cf8b03cbb6275,BM,S.02 E.13 - Grimm,89
bb8edb6ba1e5dd59da1ef57a070e2549,DH,Jake Pirates - S.02 E.01,89
287cb7adf6985ca156b1fea31814e92c,ATN,True Detective 2: Ep. 205,89
404fee03b6d2d689e8eea6978080c510,BM,S.04 E.09 - The Sopranos,89
f4c1ff6078e1f2aabf051698c6ef6244,ATN,Girls 4: Ep. 403,89
477f3ab877ff211c877efce27d63e5be,BM,S.02 E.21 - Marvel's Agents Of S.H.I.E.L.D.,89
66ec17db320456ffa8c641619ff39fdb,DH,Justin Rêve - S.01 E.02,89
e8240d0c71c60c686d1735185d25a784,BM,S.16 E.08 - South Park,89
af70adae52709f0bad5689f359cc5a70,BM,S.05 E.01 - Key & Peele,89
ef6f9641ba9c2901e512c0db7b94528f,BM,S.05 E.04 - The Sopranos,89
988620b030a5686a8fc4e226a981e271,ATN,Un Coup D'enfer,89
14edd42eb6a8034834442c1b2020756d,BM,S.01 E.05 - The Daily Show With Trevor Noah,89
74761a624f649f2c45b1367bd6837138,CN,Hulk Et Les Agents Du S.M.A.S.H. S.02 E.05,89
0c71137884764503f208b244ef06321e,BM,S.02 E.10 - The Sopranos,89
5878f65a5b278d38047566af768e0013,DH,Littleeinsteins - S.02 E.23,89
623c2f1959c8a830ad476ffa77a3a440,ATN,The Corruptor,89
6159045c27bd6a152b6014eb4ca9c30b,ATN,S.02 E.10 Banshee 2 V.F.,89
512f8e11d2f3f2e6a1d9b5aab3da1507,DH,Phineas Ferb - S.03 E.06,89
a16c7375ac5fc09598d0407c448173b9,BM,S.02 E.03 - Marvel's Agents Of S.H.I.E.L.D.,89
b14189a6ee9878a132f10359e4840706,CE,Sesame Street S.01 E.106,89
6f333eeacca6883cb3837b175bf1b0fd,BM,S.04 E.01 - Blue Bloods,89
6692115c0f19f7914df7152db2b314c8,DH,Specialagentoso - S.02 E.20,89
f09d9adc0ab0c9df8823cac2c005f40e,BM,S.01 E.11 - Grimm,89
abfa4f90b760956f9d331c4eb82b2a50,BM,S.01 E.12 - Nurse Jackie,89
d84f24747de774fa9193e55a95b34231,BM,S.05 E.12 - The Sopranos,89
748a60d55af20c81b20e3ad20a5d9777,ATN,Dog With Blog - S.02 E.21,89
48bb091bc75978cc7ef0c38a8384d0a3,BM,S.13 E.05 - South Park,89
dfc6ffb789e85e0e06c6accb9e5bb03b,BM,S.01 E.04 - Sex And The City,89
9d6a872665b34c64bd835cf2454ee2d9,SM,Best Of 2014: Homegrown,89
d9206549c9c7eb503eadc4f921c3230e,DH,Phineas Ferb - S.03 E.22,89
da0e73e05d21237fa92812e056803d1a,BM,S.02 E.14 - Entourage,89
a9a62108b20c9c2ebbda8be742723b9a,ATN,Wild Wild West,89
36a992c9a3b50f3aeedd04fe7a4e4f39,ATN,Girls 4: Ep. 404,88
7cdcc8e6f01a2e0edea3a70df17b20ad,BM,S.01 E.10 - Grimm,88
f3aa2ccc14c356ccf7a77ed4678a1cd4,BM,S.03 E.12 - Entourage,88
1aacb90c49f97a6ee09b7d07808f2e84,BM,S.01 E.11 - Nurse Jackie,88
51fc35c0b411a5a0889fcd39c7adb278,ATN,Divine Secrets Of The Ya-Ya Sisterhood,88
e597aa773e06e29cbcc87e2ee4b0e719,BM,S.05 E.02 - The Sopranos,88
78e5dbec0249aa621d7202fdbc052b3c,R,S.07 E.06 Un Souper Presque Parfait,88
74be5415ce755e918715bd7757a2e9db,BM,S.02 E.13 - Entourage,88
1aeb5c4d13fc51c43ef697a35deca49f,BM,S.03 E.01 - The Wire,88
2f0dc15983644b2a8ce013f4e7a99cc7,CN,Get Ace S.01 E.14,88
4f3743dbea5a12cfa2c469ea37a9a59b,SRC,S.06 E.21 30 Vies,88
912263493eafb7a57ce3ed64d1cc1abd,ATN,Strike Back: Ep. 102,88
f055d0053b2f92c9542519578a76e00f,BM,S.04 E.11 - Entourage,88
2733fea1d751adac04ee901cf008f4a2,BM,S.08 E.01 - South Park,88
3c8cf969ba010bf39549565bcfa9f892,ATN,Last Week Tonight With John Oliver 2 Ep. 25,88
bb6a8e474b1fd2baeb688fea0d946250,BM,S.16 E.10 - South Park,88
b946bc3c3442624d45c78bf49580e938,BM,S.13 E.28 - The Ellen Degeneres Show,88
21c34ada5bbc94f9a6d167eb2cdc25ca,BM,S.01 E.07 - The Wire,88
d4846a9eba1b289dc00544a3e3ff856c,ATN,S.02 E.08 Strike Back 2 V.F.,88
e13a5e094d2432beb8ea2ccf4cd9b9d2,BM,S.02 E.13 - The Sopranos,88
7a335604aff2e83e0cdb6be27461ea68,BM,Donald Trump,88
0792a61b29152172f0c80f9bf72bcf39,SM,Teen Pop: Spring Break 2015,87
ca21f14ddf760c75459cbf3a50a52d15,SM,Best Of 2014: Rock Alternative,87
8d24be48faabd0ede233748d1c696bca,ATN,S.02 E.09 Le Trône De Fer 2,87
6d5a1e90bc71542a89149aa5a0442b20,BM,S.02 E.18 - Grimm,87
f3d935ad854e52ecc1689e84a7c38818,ATN,Dog With Blog - S.02 E.17,87
eb964f640f554d94fb3fd6a3f8b731d9,SM,Dej Loaf - Try Me,87
ff09ac4e08629cae817670ce66f4d978,DH,Shérif Callie - S.01 E.09,87
b36e085a0b23d170f5ed2a828da2e3f5,ATN,Bollywood/Hollywood,87
b18b4459b372cb558f3aeca87544a2e2,BM,S.05 E.09 - The Sopranos,87
c69d8ca16c8ce2ad807c49af37c48e10,BM,Pamela Anderson,87
6f3268cd1c8e17ef6f43a0c65dfe2b45,BM,S.05 E.13 - The Sopranos,87
ff72ea69c8558f9be996d47b448ac5ea,BM,S.02 E.09 - Entourage,87
02dff2e951d5b76f662640d149239088,ATN,Taxicab Confessions: The City That Never Sleeps Part 2,87
04d04a553b01aed6e9cd3eb158729d3c,CE,Harry And His Bucket Full Of Dinosaurs S.01 E.08,87
5c5f4b512c2c36b7e0a60deeb19027d3,ATN,Amityville: La Maison Du Diable,87
2b3369edd4a894597f51ac934ea191ef,BM,S.06 E.01 - Sex And The City,87
5834808c9779ecff6c7c59fad070e4ad,BM,S.02 E.12 - Grimm,87
6eb7fdfd4a85e30e10e12d51f52c091c,BM,S.02 E.20 - The Big Bang Theory,87
6eb82af348cdcc48c454caabfdcf88b2,BM,S.04 E.06 - The Sopranos,87
4d2191760ee6e9fa40640685ff517b0b,BM,S.02 E.14 - Grimm,87
58ef99de04342c50d56cf03cd8cfd772,BM,S.07 E.09 - The Sopranos,87
625eeef739268e8800cf4fb017deb541,BM,S.01 E.03 - The Daily Show With Trevor Noah,87
a64bf775d52848324291a9da9f06d950,BM,Chris Rock: Kill The Messenger,87
eafdc55340c78fae2c8c243044f0395a,SM,Jason Derulo Feat. Snoop Dogg - Wiggle,87
a08d3d8745e399514324da14576c95d8,SM,Alisha Pillay - Tattoo,87
b99d621cc63c4ab370a91d168191a130,SM,Hitlist: May 2015,87
3f4012badef4b3e9f7c587e84690b8b1,BM,S.01 E.07 - Nurse Jackie,87
88215df301f7b4565a29e7eced05014b,CE,Good Witch S.01 E.02,87
4cb90e00e0aa7816e38a2b66931ae3f4,ATN,Dog With Blog - S.02 E.22,86
a4f557b274f829e031e20ab821248373,BM,S.03 E.01 - Saving Hope,86
fcaf27bc43782c54b0eb9d62e9d0e2a0,BM,S.07 E.01 - The Sopranos,86
f31e20abd54c766346970c69d760d90e,BM,S.01 E.04 - Nurse Jackie,86
65b84171d296aac41b51e935b604abe8,BM,S.05 E.08 - The Sopranos,86
ec3252fde69bfd6fd81498606c0aa83e,SC,Homeland S4 Ep 03,86
2bc07c240d941c5a72efea3c62d8f532,ATN,Vanishing On 7th Street,86
8eabc91aff7ebc4b5469d018b5347af6,ATN,S.01 E.04 Les Enfants Roy,86
267db98f8fb801cec4961dcb379fa74a,BM,S.07 E.01 - Sex And The City,86
b8a19a4b8ed0e9372e37f682ecc38a6a,CE,Talia In The Kitchen S.01 E.19,86
0dfc22b10e3e894ffdca663f65e83b8d,BM,S.05 E.05 - The Sopranos,86
8731c24720e3c7efbebd6eaf575b3452,BM,S.04 E.04 - The Sopranos,86
16b95ac5bb7c94aa3f3d617a733a3397,ATN,"Leftovers, The: Ep. 109",86
6faefe5e6d5062d8b97bfd2b07806cd8,BM,S.02 E.16 - Grimm,86
60000eac4f2f4d0ef2d5ac0b57356630,BM,S.03 E.01 - Nurse Jackie,86
b89abc13db9a339e81b6a6663f001fd4,BM,Bob Saget: That Ain't Right,86
5366c4a564dd973c1e03dbfae57ea9d2,BM,S.01 E.01 - Pit Bulls And Parolees,86
87f8aa7762ba94f1a773c2a62c1b3aec,CVOD,S.1 E.04 - The Grinder,86
852bd0bb39cc0b382c59f285742ef987,BM,S.03 E.14 - Army Wives,86
cb2dd39dd139378a0fbeba1c0ff87526,CE,Trucktown S.01 E.20,86
60dae326420cb7f0fafb18736f4a3995,ATN,Project Greenlight 2015 Ep. 101,86
66b489b3124dc75ee267818845841cc4,DH,Gaming Show - S.02 E.01,86
ebb454cf86c6a5c1a8a510991862d645,ATN,Ray Donovan 3: Ep. 302,86
bb82dad1ba55d22a98ec652ad8fb02f1,SRC,S.05 E.04 Mémoires Vives,86
94087c59f9d03d799783c903d0350595,CE,Real Houses Of S.01 E.01,86
3be73bc8c8b94df9e2fa4042d8e72a2d,CE,Talia In The Kitchen S.01 E.10,86
83e447af59e189b62f0277c88e826a4b,BM,S.01 E.14 - Grimm,86
f452e1a494317d5bfe5b08bfc6345314,BM,S.02 E.06 - Grimm,86
809c16c733a420988b9690266d542ef0,BM,S.03 E.22 - The Big Bang Theory,86
5cc2a1b3f288574f3d0da56245dcc7c8,SC,Homeland S4 Ep 10,86
e063f56bc4dd32128c493a8d6247fb51,CE,Jessie S.04 E.18,86
72e50bfe5bc789a4a9d5b1f300edbf6e,SH,S.15 E.1022 - The Young And The Restless,86
b814c2bdc281c1ea1918351a28bd34cc,BM,S.01 E.01 - Happyish,86
1269d6e25b2bcafd7600a9d679ab4d4e,CN,We Bare Bears S.01 E.14,86
7870c9f6c31494e2a0ed3d90ab2b1fe2,BM,S.03 E.13 - Army Wives,86
0529fcd300232030bbde57f33f59ddfd,BM,S.03 E.21 - The Big Bang Theory,86
d876f38a8b886848dbad8db00d1c0b3c,DH,Justin Time - S.01 E.02,86
cbd058aa8dc6b395338b14fd61a86701,BM,S.04 E.10 - The Sopranos,86
cba9db79bd0836eca1320871beb74e67,SH,S.02 E.01 - Extant,86
202aedb1f670e09d8173fae03204149e,ATN,Dog With Blog - S.02 E.14,86
02fd10280e5c3599448a19590d6d89ba,ATN,Hello Ladies: The Movie,86
3f5e581d96124c8c59d1c3183b7347e1,BM,S.03 E.03 - Grimm,86
739f593781ca1bc96c9e419ae4ec40a6,ATN,The Boy Who Smells Like Fish,85
d48eccd9a20569efeea4c0393e37ef5a,CE,Talia In The Kitchen S.01 E.07,85
a79c44590b4cb23ab13d231d4c1ab198,ATN,"Leftovers, The: Ep. 107",85
28efd4bd5af5e6d03cab7308af8b4397,CE,Talia In The Kitchen S.01 E.18,85
03f023e4747481f236e22ee33555893a,BM,S.02 E.15 - Grimm,85
0e7d5c512845644d9fa42d8059d3688c,SRC,S.02 E.04 La Théorie Du K.O.,85
ac4cdc34aabc24d7b1f5d71eaaa5ea23,CRC,S.01 E.02 The Romeo Section,85
795b50c43ad25217192f4a609c270226,BM,S.02 E.22 - Marvel's Agents Of S.H.I.E.L.D.,85
aab4dd72f4ad66b184fcf72ae4b88c83,BM,S.21 E.02a - Dancing With The Stars,85
bd2291171377d4bc74c442e3d2570480,CE,Cat In The Hat S.01 E.32,85
0cd3f7cc0c8b8091263ea31537c2c485,BM,S.03 E.11 - Entourage,85
467752bd6766c2074438a84b57009410,SRC,S.14 E.06 L'auberge Du Chien Noir,85
76984d4ac239261c17ad70a8e5e2081c,ATN,Strike Back: Ep. 104,85
d9e438c19ff343cf957df3677c80f7a0,ATN,Dog With Blog - S.02 E.20,85
fd265478ffa10f2d8bc729bb267e96ef,ATN,Banshee 3: Ep. 309 - Even God Doesn't Know Wh,85
7fcc9a3f75f46f9d1c6aba37f19379e1,CN,We Bare Bears S.01 E.17,85
331085fcef3c5574d6850a30bbb9ffff,ATN,The Intruders,85
c4f6c17ed8432ecbca4ff17730abad50,BM,S.01 E.01 - Everybody Loves Raymond,85
84fc6385849aa6b1ec0147a6280ff21c,SRC,S.01 E.01 Candice Renoir,85
c7c616a363aa581bc38ffba92417e11d,ATN,Girls 4: Ep. 402,85
b1be4b3308f671a27f1e12b365812cd3,BM,S.03 E.04 - Grimm,85
85bd93ec1915cf3f6c8702d1228e594b,SC,X-Men: Days Of Future Past,85
ea7c43046301215a9666f88e3be837a8,BM,S.06 E.06 - The Sopranos,85
57a4f6002bd66374b5fc24769a19c079,ATN,S.01 E.04 Boardwalk Empire V.F.,84
2c5803f8c69e5c878929e1a364c3fd22,AD,3-2-1 Penguins! S.102 E.012,84
2737b012e76c69335eeaf879a9bd249d,SM,Dj Snake & Lil Jon - Turn Down For What,84
06dbb04706f2db7cbb4f5669b8102a6e,R,S.03 E.01 En Mode Salvail,84
8745b26c80b2c6dae58d466bd9b84e06,BM,S.01 E.10 - Band Of Brothers,84
a7ce3b9f8b5fca5608587c445cfa0015,SM,Big Sean Feat. E-40 - I Don't F**k With You,84
eabd7fc5bf3a644df202b537c28cf83c,BM,S.03 E.480 - The Social,84
3b1fd7275664f9c93446811f663f1e33,BM,S.14 E.09 - South Park,84
f4df9bf29b64527ef90af4b11c5f8386,BM,S.13 E.01 - South Park,84
93d7db600c8ab5a3c22987ee95f2dc68,ATN,The Whole Ten Yards,84
4b825c541ba334a13367c954d5a5fab3,ATN,Wizards Waverly - S.01 E.02,84
cc6d8acd67e9268d874bafbc20d9b530,BM,S.09 E.02 - South Park,84
9ed9f1fa4cee8c9fcf2610b9b1c8ac62,BM,S.17 E.09 - South Park,84
ddca34b5c21c7e4de51240f31a8c0a6e,ATN,Shadow Dancer,84
8fa73d3f96c91a8e61be31795f36c828,BM,The Beatles: From Liverpool To San Francisco,84
efb66bf4062d4497919010885f97417d,ATN,Thought Crimes: The Case Of The Cannibal Cop,84
93f56d3353b0154f9d03d0f677d3aa29,ATN,A Good Job: Stories Of The Fdny,84
f856b400208dbad7419531a8cd69bd29,BM,S.04 E.06 - Hot In Cleveland,84
09ba62a1e7c2c9693dfd2028b0639670,BM,S.02 E.22 - The Big Bang Theory,84
c2b5ca0134adab3e12124304ede16fa9,RO,S.1 E.04 - The Bastard Executioner,84
27e9dd4e3416c1f5237966bc4c732b6c,ATN,The Replacement Killers,84
87f36052a3a484d715368de487939bcd,BM,S.03 E.11 - The Sopranos,84
9122532d639361b3324e7ef923f4e0ed,BM,S.02 E.21 - The Big Bang Theory,84
5d997a9392df825c31c5241b8e50b2d3,SM,"1, 2 Step",84
14a380b02164bcea0ef9a773f45c7da5,BM,S.02 E.04 - Marvel's Agents Of S.H.I.E.L.D.,84
32ef06fe2680ed2549d21ebeae6bb990,ATN,S.01 E.05 Boardwalk Empire V.F.,84
b90c4f2496637d3f5e8edd9983c03595,ATN,Banshee 3: Ep. 07,84
131791a7451120f14f409c92a90b1a22,CN,Amazing World Of Gumball S.04 E.16,84
87440f04f655ae77b37372883756d5a6,BM,S.03 E.22 - Grimm,84
8fc16f3a704b768bce0d806df96e223f,BM,S.50 E.01 - W5,83
bf72a8ab2aa0186140a91220e0b7818a,SM,Big Sean Feat. Drake & Kanye West - Blessings,83
398094ffa07020b62691e4f18737b353,BM,S.01 E.01 - Nathan For You,83
d60767d015a04bb4596a526bf7c71868,BM,S.01 E.15 - Grimm,83
2f2ad7b2eca1413cd5c6950f47b2bfda,BM,S.02 E.04 - Nurse Jackie,83
b3ff6580136b87400c61ee1139de29f1,ATN,Banshee 3: Ep. 02,83
3bab2100659bea4742ed8209a0a81061,BM,S.04 E.08 - Nurse Jackie,83
9bbcb6b7dc6e7f97c34bf16b972ba4f6,BM,S.02 E.20 - Grimm,83
d55f2cb1ca6a213d78b5577a8b56f59f,AD,Garfield And Friends S.101 E.001,83
fef51d5762876177e60ef12be9899dcd,BM,S.01 E.03 - Gigolos,83
cb6f2f413e4ea1abe029963c81551a28,CN,Amazing World Of Gumball S.03 E.50,83
bd5f33d86346b4e446ad59ad8ac38d48,ATN,S.04 E.07 L'appart Du 5e,83
f5b870bec6f618500e79bdd2c952afa4,BM,S.13 E.02 - South Park,83
4979fa71ea78615e2a33110640aef495,BM,S.04 E.03 - Army Wives,83
dfef0e304d7637ef196c74249426e97e,CN,Amazing World Of Gumball S.04 E.14,83
cc50e202017094c1b354c2dc0a116046,BM,S.03 E.02 - Grimm,83
9f047da34ba8869b55a0a50bcc1326ee,BM,S.16 E.14 - South Park,83
f11176411d285ea9df10dc516dbaadd6,SM,The Weeknd - Often,83
94f844982e6b9a0e0ca2235e0bc4d5d8,BM,S.02 E.20 - Marvel's Agents Of S.H.I.E.L.D.,83
ea7a304aceed1164ea86d53287e7798a,CE,Backyardigans S.01 E.35,83
63a9cb626b2376e985c705831505c87f,BM,S.01 E.03 - Marvel's Agents Of S.H.I.E.L.D.,83
de4289334b256fa6afbf37754dbaa3c8,BM,S.06 E.02 - Seinfeld,83
09caf20b1f71030ed1eadb7c6b24efaa,CE,Numb Chucks S.01 E.35,83
89e17ca301c70678ffed5efcf9d579a3,BM,S.05 E.10 - The Sopranos,83
2077eacf7e709c0d7dd0b00d31241ddf,ATN,The Next Step 3-06,83
e39ee4cb20172b64edb0a9d83e05fe3b,ATN,The Next Step 3-05,83
bd18bb5f98c0f66869d01436e08eac70,CE,Some Assembly Required S.02 E.35,83
27ee587af67a76e0a257e20d3464d11d,CE,Talia In The Kitchen S.01 E.05,83
0c2ee886db721b05c037981365514639,ATN,True Detective 2: Ep. 206,83
673bf752bd2f7260a8b702c34b402268,BM,S.05 E.01 - Seinfeld,83
c8111558e115a047c537494f58d9d501,BM,S.13 E.06 - South Park,83
96582194b966afa4335d12f695f8d1ef,DH,Les Bananes - S.01 E.074,83
31aad53a4fd4c5093cfd5528cf88b354,DH,Stellasacha - S.01 E.01,82
d983188d549a87facf4259cfbfd47b07,BM,S.01 E.22 - Grimm,82
fbf9486e5cbcd51c62baa36e6d9f763a,BM,S.02 E.18 - The Big Bang Theory,82
ba45380314090a62a75d85cc271ab768,BM,S.04 E.05 - The Sopranos,82
531118e0f17e2a7f2ac9f99ba4d75815,BM,S.06 E.01 - Seinfeld,82
ad664cba93cd3c96d5a9830d0ce284ea,ATN,Dog With Blog - S.02 E.15,82
7a290c25965364213a52a596f25e6568,ATN,S.01 E.06 Beachclub,82
7a483cf928502ce7184c9bd0e0a5534b,ATN,Banshee 3: Ep. 03,82
8dd9804ddd3ff3d173754285c7d515a6,BM,S.11 E.02 - South Park,82
b6c954644a62f0cece02f4be935ca303,BM,S.01 E.16 - Grimm,82
e7104e55e9b00b8f9928b6032a14b775,ATN,"Season With Notre Dame Football, A: Ep. 104",82
f103b4d9025f7e35de4092d19f70b73e,CE,Austin Et Ally S.01 E.13,82
fbeb96bd59388f7857e09cf9c880a615,CN,Hulk Agent Of Smash S.02 E.18,82
7c8b8016f850ef21a0aa1d01239cae7b,ATN,Sugar Babies,82
f488fcc998a4cc5cf0e16b0cf370bac4,BM,S.01 E.02 - Orphan Black,82
86233590bf77fcd0fc67df23b6a10f40,BM,S.04 E.01 - Nurse Jackie,82
16eb2e983f83adafac66a782ece1dfdc,BM,S.02 E.05 - The Twilight Zone,82
9c7cb006b2538ae59b7814a7ce936b3e,BM,S.05 E.06 - The Sopranos,82
4a5811afaf7894415e7fbbea34d07718,ATN,S.01 E.41 Code F.,82
97bb2c61d95e40a9d289cbc74e6681de,ATN,S.02 E.10 Strike Back 2 V.F.,82
f23dbc53b3bb9a3cf02bb447b33a12a3,ATN,Banshee 3: Ep. 04,82
22ebc94a60c8b77645e8328fade9970d,ATN,I Didnt Do It - S.02 E.12,82
8cf5e23afa2d95f47a96de7ed60a1478,SC,Homeland S4 Ep 09,82
f4bd44ad6d00ee1e09f8f8187db9f6e5,BM,S.02 E.19 - Reign,82
6fc267cae12e347d0dc2be9eb707452b,CE,Talia In The Kitchen S.01 E.08,82
2440aed77b1de4b7c42d8d15f78ddfa2,CE,Talia In The Kitchen S.01 E.16,82
5caf5c83744bfca9fc3ada95942f202a,BM,S.09 E.05 - South Park,82
59122034574ce9561c2ee625786b6a24,DH,Franny - S.01 E.10,82
1d6968c32ac5b8d2f7c7ce48b507d757,BM,S.04 E.01 - Army Wives,82
500e6e6e431b5b47a3b0bfa9db38b2ef,BM,S.05 E.03 - The Sopranos,82
8c23172da56a01a8d4048c2e373fd9a1,SH,S.15 E.1014 - Days Of Our Lives,82
efdde54f1a2f660b684c7fe33a538eb2,ATN,Banshee: Ep. 106,82
023fe81fadc3494c5326f26ea831b169,SM,Pitbull Feat. Ke$ha - Timber,82
57f12704e6116d236e9232a7a74a259c,BM,S.03 E.02 - The Sopranos,82
62782861b97c5a31fb3315a0a467ea1e,BM,S.03 E.05 - Gigolos,82
402798504f630941ada3cd93ea238d1a,ATN,S.02 E.09 Strike Back 2 V.F.,81
3a24792bcae0f4e17f3ea30f70a22218,ATN,Psycho,81
7f063bbcdb5cd1e7c55e436ada8eb7eb,BM,S.14 E.11 - South Park,81
46572d1802d94d3811e43c9bfb9f55b2,BM,S.02 E.05 - Nurse Jackie,81
8edac904a92b1ae0f02f5824fc0229b3,BM,S.02 E.03 - Curb Your Enthusiasm,81
cc21265282a1c123d3f275cdd1acbdea,BM,S.01 E.02 - Reign,81
e33e8a084c9c310cec72979e800031f7,BM,S.02 E.01 - Gigolos,81
eec697e502a1a40ac8920acca7c86034,BM,S.04 E.13 - The Sopranos,81
c3a06a0c476cec3f8d995886bad352c8,SM,Jamie Foxx Feat. Chris Brown - You Changed Me,81
f4af544fd77030b390ee4dc76309eb25,ATN,The Shadow,81
90d81665a41291face0b41827d6cb096,ATN,Guilty At 17,81
da5a5ba3d3843139f5b5ae9e94c653aa,DH,Topsy Tim - S.01 E.11,81
0c5686734f72e8d6346851a28c3881a7,BM,S.03 E.11 - Grimm,81
88129f1b30381b57148da98594018ea3,CE,Max And Ruby 07,81
a63307ac715010236a47b0070d44ea60,BM,S.01 E.19 - Grimm,81
1636d67a88a5da1aeb7409124286974f,BM,S.15 E.02 - South Park,81
92151caf1ba264ac63a5185b88a0ef28,CE,Talia In The Kitchen S.01 E.06,81
f499d21bd3900cf6b9deead11b50b242,BM,S.02 E.05 - Marvel's Agents Of S.H.I.E.L.D.,81
51ce3ffbd7872e350ba2bd561898f356,DH,Topsy Tim - S.01 E.10,81
ed92dd3e0a55184ed8398882237d0b5a,BM,God Bless Ozzy Osborne,81
514c73afe330ba7848f5d617c6d0b908,BM,S.06 E.04 - The Sopranos,81
f697e270bb81eae2811ae9d63aea1429,ACC,Talking Dead 601,81
0869c854f39cf67a399bd2a5287e9457,ATN,Bride & Prejudice,81
bb49c16a85fbdd221c2f1a6f167576aa,CE,Vroom Vroom Zoom S.01 E.01,81
bf93c320ed2ea01a0366642eefd07cca,SM,Alessia Cara - Here,81
b4fb3d40aedd3716248a350e6e885ac9,CE,Harry And His Bucket Full Of Dinosaurs S.01 E.05,81
01f7a2fa479018434f0fcd876b58621e,ATN,Taxicab Confessions: The City That Never Sleeps Part 3,81
899f70a53f83f875499449908bc0776b,SM,Cheerleader (Felix Jaehn Remix),81
69c57d7335381f311e482f2615c803fd,BM,S.01 E.04 - Gigolos,81
8f6994c19a2d481aa5d3b3b5803c2c87,BM,S.07 E.01 - South Park,81
13bfbd195c2f36ee6a13cd7d572ffdb0,BM,S.05 E.04 - South Park,81
2fea572691e8284f6dbe3f360395353e,BM,S.01 E.08 - Nurse Jackie,81
faa756111b2c36c102ee088a07bf4b58,BM,S.02 E.03 - Nurse Jackie,81
329362e417eab1b75da47bbaa8a72805,ATN,Banshee 3: Ep. 05,81
18de784abf14f580cf86c87e561af0b2,ATN,Close Encounters Of The Third Kind (Director's Cut),81
e5c25c62c85d29410d0faa6420718cae,BM,S.07 E.04 - South Park,81
48825a2d5a05dc8fca24e40176322350,ATN,Stage Fright,81
1ec779164ed0b392672e8c4743a51a17,SM,22,81
9c3ca7ed4ea911049f6044c259c6e10e,ATN,S.02 E.07 Le Trône De Fer 2,81
5b9a313019672264b46ed781ed28c2a8,DH,Topsy Tim - S.01 E.12,81
57286d340a46f8185913040b229147f1,BM,S.04 E.09 - Nurse Jackie,81
c1e31d1178cf9e20ef9771ae720bcd03,BM,S.01 E.09 - The Wire,81
a3c4bc345c36d8443993e668a8caf6c1,SM,Selena Gomez - The Heart Wants What It Wants,81
caaaece3ebbe73c1e7973bf0b183233a,BM,S.08 E.09 - South Park,81
6c2ae876d4d9d8986e23cd332bf0291b,BM,S.04 E.10 - Nurse Jackie,81
5801ba1103fec0ef71b4280b841b57d2,SM,Future - F*ck Up Some Commas,81
5e53d2dbbfbe87290ecb7d917aaf8e18,ATN,The Protector,81
377b348bb4892adc10090a0f3a940117,BM,S.04 E.04 - Saving Hope,80
5e26602864f4b3a05fed1806b14822fc,BM,S.11 E.10 - South Park,80
60d0c64336f60bbd2392025a8249a07f,BM,S.03 E.10 - The Sopranos,80
4a4ebf1eb8cb6863fd74f3ff442b8162,BM,S.06 E.08 - The Sopranos,80
a4f3ca4ff6276a235cf3d24b842250ad,ATN,Girls 4: Ep. 405,80
a03c67d21fa246a7b5a7633ad2c4bbb6,CE,Good Witch S.01 E.10,80
724436ae330b2e09ee2525fdc002a04a,BM,S.01 E.03 - Nurse Jackie,80
1579226dcbf365baef4575d4dce9f0c1,BM,S.02 E.11 - Marvel's Agents Of S.H.I.E.L.D.,80
64515f0c0a843d082a367a5e5e7a1067,DH,Topsy Tim - S.01 E.18,80
5d799f87011ff048f7db00621565b4cc,ATN,"Leftovers, The: Ep. 108",80
333efd6320af254eca55b6bb90ec7e61,ATN,"Season With Notre Dame Football, A: Ep. 101",80
75710ad5815f606433d37aff1eb9a227,SM,Fergie Feat. Yg - L.A.Love (La La),80
5c9c6074872dde8e8fc0834aca47bcee,BM,S.14 E.10 - South Park,80
25deeb363de3a5afad24a91377e46007,BM,S.01 E.06 - Nurse Jackie,80
f05e434ebcefc25a25bf98ccbd881ff2,BM,S.02 E.17 - Grimm,80
70b2174995ef9da9aa068a623ae39822,DH,Stella And Sam - S.02 E.05,80
01a3e508099ddc15994130ada8bacdc4,SM,Blank Space,80
c1fc9af6951940b2c8a4377249e795ec,BM,S.07 E.08 - The Sopranos,80
f070443c4d340558bff7cc03b4af9ab9,ATN,Hank Zipzer 1-13,80
0b5f852502f75b379244b7844dfa8f75,BM,S.01 E.01 - Before We Ruled The Earth,80
433d2d669c2d3b6edeb156e7cba50e71,CE,Mike The Knight S.01 E.38,80
296221cf9cf7dd7cdcb5d6187e8679bf,BM,S.04 E.11 - The Sopranos,80
29dbcfe47574027a10067d6dcf38b73f,BM,S.05 E.01 - Gigolos,80
d3bd93d0bd5a3c5dbd3a55f4de57f741,ATN,The Next Step 3-03,80
a21673f234ec00da04cbc8dbabd9551c,CE,Good Witch S.01 E.03,80
2b355145cb276002371bec803ae79444,BM,S.03 E.05 - Grimm,80
b20c34d2fc37066c2558882ef9026965,CE,Jake Et Les Pirates Du Pays Imaginaire S.01 E.10,80
de8de5f7885e3203e128012caedffe83,SC,Reach Me,80
f01312a9586a4aa8eba5243e27a8e794,ATN,Girls 4: Ep. 406,80
9fe4adceb64eecfe6bb518d2ba27b111,ATN,Girls 4: Ep. 410,80
3b88ce03603386271859090342d7ddcb,BM,S.02 E.21 - Grimm,80
e8ee2c3001d1cc34dfdc8602398b8b97,BM,S.06 E.07 - The Sopranos,79
7d0b1b1f1dc9352803d2923ea9760149,BM,S.05 E.07 - The Sopranos,79
893e35d3e01ef9bad1a7433fa4ff0a76,ATN,Penthouse North,79
f2354eeddb27d437000464faa2468de5,SM,Hailee Steinfeld - Love Myself,79
7a902ac62b0e2302b676ad0d18373ec7,BM,911: After The Towers Fell,79
5c59033ae428b59ed4ad1ce3129b0fdb,BM,S.03 E.19 - The Big Bang Theory,79
630d8c4be8e3dd5774612f86b1654ae5,BM,S.02 E.06 - Nurse Jackie,79
7fc96cee7931bed2a115a6280f8abe96,DH,Hugglemonster - S.01 E.02,79
2633ee93112de762e57a0476749a39be,BM,S.01 E.01 - Oz,79
350c77447ba7ebc413c21248df559d9b,BM,S.02 E.19 - Marvel's Agents Of S.H.I.E.L.D.,79
a677e14a36c613bb1f07fe3de8b7dc6f,ATN,S.01 E.04 Le Monde Selon Thomas Gauthier,79
578a28d0b64523f5cbb7ac8d2f0de9b5,BM,S.01 E.11 - The Wire,79
e0485f99aa315595a253786b2bc7c8c0,SC,Afterparty,79
873bf7131bbd3674ad71424605eeb73e,DH,Fraisinette - S.04 E.04,79
a63ead78c5a77dde58b4507a3aa9b75b,BM,S.13 E.13 - South Park,79
b24f7ec2cc74f9bddd64064d13bce8a1,BM,S.07 E.02 - The Sopranos,79
caad398ab019e91311a9e8cf3cce3726,ATN,Doll & Em: Ep. 1,79
cdbb83fb1c6fb5e94d81b2e1e8eab094,ATN,Risky Business,79
aaac0fad02732410de4cf0b3efa44b76,ATN,Banshee 3: Ep. 06,79
667454e98c9b8c4b26af8f10a4dd5e16,CE,Jake Et Les Pirates Du Pays Imaginaire S.01 E.11,79
253453fbb9df2c4b6e7976704e0ad3c0,ATN,Qui Est Gilbert Grape?,79
3efac4af9c8224ea94a8ad47be84a259,BM,S.01 E.03 - Seinfeld,79
6d58f593d137e564f0067ecf03fcc592,BM,S.01 E.18 - Grimm,79
988b0bb9f4ed3f8b5070ab6426174ea8,BM,S.01 E.01 - Cheers,79
5d457c4e6809741722e2ed220753a23f,ATN,Banshee 3: Ep. 08,79
939430eaee5254f512fb160833ccba1a,ATN,Heart And Souls,79
1de5333550883ad1abc5a035f1be6a9d,BM,S.08 E.03 - South Park,79
e13fa238680fd8286b773667b0241165,BM,S.01 E.01 - Sirens,79
28e0c701d4377ec63febb2df0dae75a2,BM,S.06 E.05 - The Sopranos,79
31e8400881def2ad48920c47690575e9,ATN,Dog With Blog - S.02 E.16,79
b4d8b86d7026d4e0ce5a1406c84cae6a,ATN,Veronica Mars,79
2429a5ab0451340e4dcc4ec308e5fe2d,BM,S.04 E.07 - Nurse Jackie,79
e139ec2689152668ce16847a96686636,BM,S.12 E.03 - South Park,79
50246e8893ae7bd9a596ea84ba6f5a61,ATN,Nurse Jackie 7: 01,79
62f503ee51ab850a1f0e648e78edf8c3,CE,6 Teen 01,79
613c16941e9d875baac11ac5ce2b6f54,BM,Blind Justice,79
847f47b82e722230879b3f8b156616d1,ATN,S.01 E.05 Beachclub,78
8cecacb8d6bcc1fbefecb5fb1011b4a9,BM,S.08 E.02 - South Park,78
5e191bbe28656f1168a05d2cd785c6e6,BM,S.03 E.08 - Grimm,78
8bf1d2afa9c06229088ff2bee546e161,BM,S.03 E.06 - Grimm,78
2fe8d590afe4c9f6369c19aa5807cb69,ATN,Hello Ladies: Ep 01,78
f13e29ee640bd4752d96d4647c8c977a,BM,S.01 E.02 - Inside Amy Schumer,78
b036348f8bcaff3c1592ae175ced874d,BM,S.07 E.06 - Seinfeld,78
bc11883b5441e3b643944c9a57e90737,SM,Britney Spears & Iggy Azalea - Pretty Girls,78
59cbf54ee14f1e026603e580bf272a24,BM,S.16 E.13 - South Park,78
dca1f14fd67c00ac689d98911a13e49f,BM,S.03 E.03 - The Sopranos,78
11c0b2fcb061207fa6554da3f19721b5,BM,S.01 E.06 - Sex And The City,78
68f99f06af735cb5bfe232e31e24467e,ATN,True Blood: E.02,78
3c6cd448c82c4a3c5463619317f29099,R,S.07 E.11 Un Souper Presque Parfait,78
12118243c8d52dbbdef5c09270c9c07f,BM,S.02 E.22 - Grimm,78
cee9df0a56c0c2121916c3d5d47db50e,BM,S.02 E.01 - The Wire,78
d2f3b990bf12c534296a67d2504cf6d3,BM,S.15 E.03 - South Park,78
7eaf62f026f6dc04043b59d1fd49a377,ATN,Justin Bieber's Believe,78
5c8b2d05aed7f03fa85ed95f213f382f,CE,Talia In The Kitchen S.01 E.11,78
b97159b6dc9964c6a2d250b04768da29,BM,S.02 E.10 - Marvel's Agents Of S.H.I.E.L.D.,78
9d30f58e1b0679be018a312f865bb0a6,SC,Chained,78
200eac8853b4aedbcd479f6f6c29eca6,BM,S.02 E.10 - Reign,78
48065b5140481e1f4df9066802e1d5e7,CN,Yu-Gi-Oh! Arc-V S.01 E.11,78
9da530c34a48e1ce122988146009b30c,BM,S.06 E.12 - The Sopranos,78
695fc1b4d67c2a34f842c6d6266dd764,BM,S.05 E.03 - Nurse Jackie,78
50298bd0bc338df2fced89a2702e4d57,ATN,Toe Tag Parole: To Live And Die On Yard A,78
f2070e0c55bd505c89c147275a1fcf2f,SH,S.15 E.1013 - The Young And The Restless,78
cdd1ba4d167b0bec2dbed7af32c5352f,CE,Numb Chucks S.01 E.34,78
034233f7e95ad9666132fba08bc9a263,BM,S.08 E.08 - South Park,77
a8bd0441ce6423c49368da20720b61f3,ATN,Syriana,77
502130e024bfa598fe2a79ce1d333d21,ATN,The Pretty One,77
d6094fcb2341053bee129d514094a08a,BM,S.05 E.03 - Frasier,77
1242dc29877b668979a17f236aa4586f,BM,S.05 E.08 - South Park,77
8021b9399b24ced0d856e69d85b92134,BM,S.04 E.12 - The Sopranos,77
b71ec5d62950d5b8cd4c87161fb083b6,BM,S.14 E.08 - South Park,77
df8c2bd05e178825b73c61b40f2834ed,BM,S.03 E.04 - The Sopranos,77
3b99152fe2cb447b11b15f4d62ae7716,BM,S.02 E.20 - Reign,77
11ad4a1add171c63c3813851c88dd25e,ATN,The Marsh,77
fd44978aff590271cee36338a879ec0a,CE,Max And Ruby 08,77
2db01bf96e6f74c36be4c59d05260925,CN,Hulk Et Les Agents Du S.M.A.S.H. S.02 E.19,77
26d9765b0da14ec1a1b59ed99addcf62,SC,Homeland S4 Ep 06,77
8bf5ca08c873f2a107b9622b0c11c50b,BM,S.06 E.11 - The Sopranos,77
5047e2113082e4a2c88a0c8b9b04068c,CE,Some Assembly Required S.01 E.30,77
0d83241109c52b4676ac6da6dea492c0,ATN,Jfk,77
836d0fb80c709b9ce98c7715091df392,ATN,Boardwalk Empire 1: Ep. 102,77
e650c92942906124ec52054db8c62425,ATN,Je N'aime Que Toi,77
553105c820529bf2c6807a8603d03d06,BM,S.06 E.06 - Seinfeld,77
b7fc1e0af06d55ec1c6d30b39935f6c6,BM,S.02 E.09 - Marvel's Agents Of S.H.I.E.L.D.,77
80793110b9b9a78f091ee2ca4fbd33a4,SC,Homeland S4 Ep 05,77
661fbf1e48ffc5a929d05edd57669c6f,BM,S.17 E.05 - South Park,77